year,state_po,county,latitude,longitude
2016,AL,Autauga,32.5165255,-86.6319403
2016,AL,Baldwin,30.5677527,-87.7324392
2016,AL,Barbour,31.8589311,-85.4032078
2016,AL,Bibb,32.971079,-87.1227088
2016,AL,Blount,33.9510169,-86.5702002
2016,AL,Bullock,32.09929,-85.7091657
2016,AL,Butler,31.7340713,-86.6754793
2016,AL,Calhoun,33.7514505,-85.8315666
2016,AL,Chambers,32.8901658,-85.3866953
2016,AL,Cherokee,34.1142554,-85.6004514
2016,AL,Chilton,32.8522565,-86.7032845
2016,AL,Choctaw,31.9908095,-88.2821326
2016,AL,Clarke,31.659134,-87.8192486
2016,AL,Clay,33.2423393,-85.819651
2016,AL,Cleburne,33.6506958,-85.5017359
2016,AL,Coffee,31.3629619,-85.9870669
2016,AL,Colbert,34.6473396,-87.7921769
2016,AL,Conecuh,31.3966783,-86.9437104
2016,AL,Coosa,32.9181762,-86.2327497
2016,AL,Covington,31.196549,-86.4597236
2016,AL,Crenshaw,31.6809362,-86.3244009
2016,AL,Cullman,34.1335332,-86.8779268
2016,AL,Dale,31.3940969,-85.623763
2016,AL,Dallas,32.3117968,-87.1046643
2016,AL,DeKalb,34.4524349,-85.7662118
2016,AL,Elmore,32.5801231,-86.125195
2016,AL,Escambia,31.1168422,-87.1070947
2016,AL,Etowah,34.0371404,-86.022147
2016,AL,Fayette,33.7303493,-87.7419088
2016,AL,Franklin,34.440962,-87.8339064
2016,AL,Geneva,31.0862933,-85.803014
2016,AL,Greene,32.8620514,-87.9915392
2016,AL,Hale,32.7412417,-87.6561668
2016,AL,Henry,31.4838041,-85.2447377
2016,AL,Houston,31.1355603,-85.2654592
2016,AL,Jackson,34.7692447,-85.9867941
2016,AL,Jefferson,33.5228184,-86.9164513
2016,AL,Lamar,33.7490016,-88.1003689
2016,AL,Lauderdale,34.9049555,-87.6747398
2016,AL,Lawrence,34.4776367,-87.3017331
2016,AL,Lee,32.5814796,-85.3077038
2016,AL,Limestone,34.8342463,-86.9901321
2016,AL,Lowndes,32.1088066,-86.6402541
2016,AL,Macon,32.366606,-85.6660307
2016,AL,Madison,34.7736807,-86.5675095
2016,AL,Marengo,32.201002,-87.7569365
2016,AL,Marion,34.1128132,-87.8544031
2016,AL,Marshall,34.3396046,-86.3301801
2016,AL,Mobile,30.6488242,-88.194642
2016,AL,Monroe,31.5593935,-87.3781004
2016,AL,Montgomery,32.1672192,-86.1999118
2016,AL,Morgan,34.4296848,-86.8529584
2016,AL,Perry,32.6421387,-87.2876639
2016,AL,Pickens,33.2948421,-88.1244034
2016,AL,Pike,31.7615793,-85.9259465
2016,AL,Randolph,33.2651763,-85.4693961
2016,AL,Russell,32.2698458,-85.1959487
2016,AL,St. Clair,33.7086407,-86.3364
2016,AL,Shelby,33.2503347,-86.6639746
2016,AL,Sumter,32.5234698,-88.1837986
2016,AL,Talladega,33.3967079,-86.1597137
2016,AL,Tallapoosa,32.8595687,-85.8023774
2016,AL,Tuscaloosa,33.2668398,-87.4862182
2016,AL,Walker,33.7804491,-87.2767248
2016,AL,Washington,31.3991238,-88.2019828
2016,AL,Wilcox,31.9523021,-87.3005169
2016,AL,Winston,34.1328863,-87.361354
2016,AK,District 1,10000.0,10000.0
2016,AK,District 2,35.7298296,51.359363
2016,AK,District 3,10000.0,10000.0
2016,AK,District 4,10000.0,10000.0
2016,AK,District 5,10000.0,10000.0
2016,AK,District 6,10000.0,10000.0
2016,AK,District 7,10000.0,10000.0
2016,AK,District 8,10000.0,10000.0
2016,AK,District 9,10000.0,10000.0
2016,AK,District 10,10000.0,10000.0
2016,AK,District 11,10000.0,10000.0
2016,AK,District 12,10000.0,10000.0
2016,AK,District 13,10000.0,10000.0
2016,AK,District 14,10000.0,10000.0
2016,AK,District 15,10000.0,10000.0
2016,AK,District 16,10000.0,10000.0
2016,AK,District 17,10000.0,10000.0
2016,AK,District 18,10000.0,10000.0
2016,AK,District 19,10000.0,10000.0
2016,AK,District 20,10000.0,10000.0
2016,AK,District 21,10000.0,10000.0
2016,AK,District 22,10000.0,10000.0
2016,AK,District 23,10000.0,10000.0
2016,AK,District 24,10000.0,10000.0
2016,AK,District 25,12.6005375,-8.01504899858036
2016,AK,District 26,12.6005375,-8.01504899858036
2016,AK,District 27,12.6005375,-8.01504899858036
2016,AK,District 28,12.6005375,-8.01504899858036
2016,AK,District 29,10000.0,10000.0
2016,AK,District 30,10000.0,10000.0
2016,AK,District 31,12.6005375,-8.01504899858036
2016,AK,District 32,12.6005375,-8.01504899858036
2016,AK,District 33,10000.0,10000.0
2016,AK,District 34,12.6005375,-8.01504899858036
2016,AK,District 35,10000.0,10000.0
2016,AK,District 36,10000.0,10000.0
2016,AK,District 37,12.6005375,-8.01504899858036
2016,AK,District 38,12.6005375,-8.01504899858036
2016,AK,District 39,12.6005375,-8.01504899858036
2016,AK,District 40,50.5807396,136.933039278099
2016,AZ,Apache,35.214632,-109.4786676
2016,AZ,Cochise,31.8514532,-109.8181858
2016,AZ,Coconino,35.9363252,-111.6948197
2016,AZ,Gila,33.7517565,-110.8052705
2016,AZ,Graham,32.8397096,-109.8685752
2016,AZ,Greenlee,33.2312681,-109.2751297
2016,AZ,La Paz,33.7923828,-114.0184443
2016,AZ,Maricopa,33.34883,-112.49123
2016,AZ,Mohave,35.7218038,-113.8271174
2016,AZ,Navajo,35.1819775,-110.3549451
2016,AZ,Pima,32.1112624,-111.6546163
2016,AZ,Pinal,32.8085851,-111.4426212
2016,AZ,Santa Cruz,31.5094579,-110.8476281
2016,AZ,Yavapai,34.5668857,-112.5515965
2016,AZ,Yuma,32.7915374,-113.8975031
2016,AR,Arkansas,34.2902454,-91.3598511
2016,AR,Ashley,33.1742582,-91.7295595
2016,AR,Baxter,36.2820691,-92.3445222
2016,AR,Benton,36.3456186,-94.2670404
2016,AR,Boone,36.2829183,-93.0784759
2016,AR,Bradley,33.4494147,-92.16876
2016,AR,Calhoun,33.5556787,-92.5143633
2016,AR,Carroll,36.3386737,-93.5093048
2016,AR,Chicot,33.2536665,-91.3026986
2016,AR,Clark,34.0541966,-93.198963
2016,AR,Clay,36.3609902,-90.4087659
2016,AR,Cleburne,35.5298937,-92.0312818
2016,AR,Cleveland,33.8847138,-92.1724506
2016,AR,Columbia,33.1938586,-93.2344337
2016,AR,Conway,35.2521996,-92.6888936
2016,AR,Craighead,35.8348413,-90.6441144
2016,AR,Crawford,35.5803044,-94.2684622
2016,AR,Crittenden,35.2505701,-90.3192299
2016,AR,Cross,35.3001216,-90.7750181
2016,AR,Dallas,33.9630776,-92.6853662
2016,AR,Desha,33.7740219,-91.3110517
2016,AR,Drew,33.5716907,-91.7160969
2016,AR,Faulkner,35.1470851,-92.3219053
2016,AR,Franklin,35.5110075,-93.8864847
2016,AR,Fulton,36.3783981,-91.8110982
2016,AR,Garland,34.5488944,-93.1838539
2016,AR,Grant,34.2773864,-92.420578
2016,AR,Greene,36.091803,-90.5778883
2016,AR,Hempstead,33.6949319,-93.6929825
2016,AR,Hot Spring,34.2956351,-92.9005742
2016,AR,Howard,34.0744088,-93.9745776
2016,AR,Independence,35.718344,-91.55326
2016,AR,Izard,36.0832532,-91.8894787
2016,AR,Jackson,35.5770886,-91.196742
2016,AR,Jefferson,34.2711667,-91.9248307
2016,AR,Johnson,35.5600697,-93.4550108
2016,AR,Lafayette,33.1821484,-93.5972459
2016,AR,Lawrence,36.0078212,-91.1655476
2016,AR,Lee,34.7836833,-90.7759619
2016,AR,Lincoln,33.9359663,-91.7713274
2016,AR,Little River,33.6968793,-94.2065398
2016,AR,Logan,35.2255171,-93.7233321
2016,AR,Lonoke,34.7414404,-91.862792
2016,AR,Madison,35.9728095,-93.7589024
2016,AR,Marion,39.5128606,-80.2258567
2016,AR,Miller,33.2766729,-93.9214795
2016,AR,Mississippi,35.7547987,-90.0875933
2016,AR,Monroe,34.6778982,-91.2289578
2016,AR,Montgomery,34.5218805,-93.6508234
2016,AR,Nevada,33.6413476,-93.3055491
2016,AR,Newton,35.918468,-93.2273047
2016,AR,Ouachita,33.5680929,-92.9355875
2016,AR,Perry,34.9616474,-92.8757514
2016,AR,Phillips,34.4427373,-90.8331287
2016,AR,Pike,34.1435885,-93.6428966
2016,AR,Poinsett,35.5730183,-90.6717121
2016,AR,Polk,34.4995799,-94.2397116
2016,AR,Pope,35.453867,-93.0498623
2016,AR,Prairie,34.8105247,-91.5751148
2016,AR,Pulaski,34.7550166,-92.3003472
2016,AR,Randolph,36.3412315,-91.0387017
2016,AR,St. Francis,35.0153956,-90.7263194
2016,AR,Saline,34.6021249,-92.6542869
2016,AR,Scott,34.8469384,-94.0431714
2016,AR,Searcy,35.9018987,-92.7098744
2016,AR,Sebastian,35.1770785,-94.2654285
2016,AR,Sevier,33.9867858,-94.243888
2016,AR,Sharp,36.1344424,-91.4930274
2016,AR,Stone,35.8317159,-92.1747633
2016,AR,Union,33.1637366,-92.6171029
2016,AR,Van Buren,35.5759086,-92.4916144
2016,AR,Washington,35.9672625,-94.2280656
2016,AR,White,35.2463042,-91.7169687
2016,AR,Woodruff,35.1714574,-91.2229851
2016,AR,Yell,34.9906072,-93.4283105
2016,CA,Alameda,37.6090291,-121.899142
2016,CA,Alpine,38.5893934,-119.8345013
2016,CA,Amador,38.449089,-120.5911018
2016,CA,Butte,39.6519275,-121.5858444
2016,CA,Calaveras,38.2558181,-120.4981492
2016,CA,Colusa,39.1465578,-122.2209563
2016,CA,Contra Costa,37.9034806,-121.9175345
2016,CA,Del Norte,41.7261767,-123.91328
2016,CA,El Dorado,38.7574137,-120.5276129
2016,CA,Fresno,36.6713502,-119.8155355
2016,CA,Glenn,39.5912766,-122.3778662
2016,CA,Humboldt,40.5997415,-123.8997734
2016,CA,Imperial,33.0305487,-115.3595666
2016,CA,Inyo,36.5595325,-117.4074712
2016,CA,Kern,35.3145701,-118.7538222
2016,CA,Kings,36.0784807,-119.7956342
2016,CA,Lake,10000.0,10000.0
2016,CA,Lassen,40.7685579,-120.730998
2016,CA,Los Angeles,34.3155072,-118.2096814
2016,CA,Madera,37.1716264,-119.7737991
2016,CA,Marin,38.0409144,-122.6199638
2016,CA,Mariposa,37.570148,-119.9036592
2016,CA,Mendocino,39.3176491,-123.4126399
2016,CA,Merced,37.1641544,-120.7678602
2016,CA,Modoc,41.5450487,-120.7435998
2016,CA,Mono,37.9533927,-118.9398758
2016,CA,Monterey,36.2231079,-121.3877428
2016,CA,Napa,38.4898675,-122.3218414
2016,CA,Nevada,39.3540335,-120.8089843
2016,CA,Orange,33.7500378,-117.8704931
2016,CA,Placer,39.1012064,-120.7650606
2016,CA,Plumas,39.9430988,-120.8059521
2016,CA,Riverside,33.7219991,-116.0372472
2016,CA,Sacramento,38.4732259,-121.2980707
2016,CA,San Benito,36.6248089,-121.1177379
2016,CA,San Bernardino,34.8253019,-116.0833144
2016,CA,San Diego,32.9637838,-116.7706277
2016,CA,San Francisco,37.1023958,-105.3481579
2016,CA,San Joaquin,37.9372901,-121.2773719
2016,CA,San Luis Obispo,35.3540209,-120.3757163
2016,CA,San Mateo,37.496904,-122.3330573
2016,CA,Santa Barbara,34.7136533,-119.9858232
2016,CA,Santa Clara,37.2333253,-121.6846349
2016,CA,Santa Cruz,37.050096,-121.9905908
2016,CA,Shasta,40.7965121,-121.9979194
2016,CA,Sierra,39.5849065,-120.5305731
2016,CA,Siskiyou,41.5007223,-122.544354147521
2016,CA,Solano,38.2218938,-121.9163555
2016,CA,Sonoma,38.5110803,-122.8473388
2016,CA,Stanislaus,37.5500871,-121.0501425
2016,CA,Sutter,38.9509675,-121.697088
2016,CA,Tehama,40.1251334,-122.2015529
2016,CA,Trinity,40.6053256,-123.171268
2016,CA,Tulare,36.2516475,-118.852583
2016,CA,Tuolumne,38.056944,-119.9919351
2016,CA,Ventura,34.4458248,-119.0779359
2016,CA,Yolo,38.7184542,-121.9059001
2016,CA,Yuba,39.2839755,-121.3556818
2016,CO,Adams,39.8714085,-104.2701374
2016,CO,Alamosa,37.5780995,-105.7890452
2016,CO,Arapahoe,39.6416781,-104.3628567
2016,CO,Archuleta,37.1995993,-107.0842479
2016,CO,Baca,37.3147687,-102.5770885
2016,CO,Bent,37.9421152,-103.0964287
2016,CO,Boulder,40.102555,-105.3632079
2016,CO,Broomfield,39.9379892,-105.0587294
2016,CO,Chaffee,38.7413025,-106.1825012
2016,CO,Cheyenne,38.8307233,-102.6177692
2016,CO,Clear Creek,39.6754591,-105.6435349
2016,CO,Conejos,37.1851939,-106.1655431
2016,CO,Costilla,37.2367948,-105.4182008
2016,CO,Crowley,38.3394806,-103.8263042
2016,CO,Custer,38.1072962,-105.3543375
2016,CO,Delta,38.8368777,-107.8568294
2016,CO,Denver,39.7348381,-104.9653271
2016,CO,Dolores,37.7524811,-108.4596087
2016,CO,Douglas,39.3420437,-104.9468945
2016,CO,Eagle,39.6161124,-106.7172844
2016,CO,Elbert,39.3138822,-104.0868973
2016,CO,El Paso,38.8287435,-104.5253456
2016,CO,Fremont,38.4692006,-105.4328622
2016,CO,Garfield,39.5462048,-107.8776144
2016,CO,Gilpin,39.8586654,-105.5025219
2016,CO,Grand,40.0990074,-106.1366966
2016,CO,Gunnison,38.6476702,-107.0603126
2016,CO,Hinsdale,37.813681,-107.3304179
2016,CO,Huerfano,37.7013983,-105.0218531
2016,CO,Jackson,40.6531945,-106.3447246
2016,CO,Jefferson,39.5699803,-105.2561919
2016,CO,Kiowa,38.4411214,-102.7628476
2016,CO,Kit Carson,39.3080613,-102.62075
2016,CO,Lake,39.2056525,-106.342801
2016,CO,La Plata,37.2889732,-107.8539029
2016,CO,Larimer,40.6810174,-105.4726907
2016,CO,Las Animas,37.3096626,-104.0591427
2016,CO,Lincoln,38.9208296,-103.4885462
2016,CO,Logan,40.7250975,-103.1221379
2016,CO,Mesa,39.0589084,-108.565996
2016,CO,Mineral,37.6584133,-106.9311267
2016,CO,Moffat,40.6083135,-108.252345
2016,CO,Montezuma,37.3476546,-108.6260849
2016,CO,Montrose,38.4375391,-108.2403855
2016,CO,Morgan,40.2407621,-103.8225695
2016,CO,Otero,37.8872079,-103.7415268
2016,CO,Ouray,38.146044,-107.7414887
2016,CO,Park,39.1089299,-105.7561639
2016,CO,Phillips,40.5888329,-102.3701723
2016,CO,Pitkin,39.2037774,-106.8695332
2016,CO,Prowers,37.9455797,-102.4130793
2016,CO,Pueblo,38.187635,-104.5350145
2016,CO,Rio Blanco,39.9847294,-108.1807779
2016,CO,Rio Grande,37.5668223,-106.3832155
2016,CO,Routt,40.4514373,-106.9724072
2016,CO,Saguache,38.0945348,-106.3563372
2016,CO,San Juan,37.7633081,-107.6495508
2016,CO,San Miguel,37.96345975,-108.411848160853
2016,CO,Sedgwick,40.8698595,-102.3777262
2016,CO,Summit,39.6070951,-106.0636654
2016,CO,Teller,38.889575,-105.1797307
2016,CO,Washington,39.9017011,-103.1521676
2016,CO,Weld,40.5632344,-104.4835287
2016,CO,Yuma,40.0163487,-102.458253
2016,CT,Fairfield,39.7886111,-82.6418883
2016,CT,Hartford,41.7923478,-72.722324
2016,CT,Litchfield,41.767249,-73.2543049
2016,CT,Middlesex,41.4510811,-72.5528113
2016,CT,New Haven,41.4082,-72.9330283
2016,CT,New London,41.4915013,-72.1237666
2016,CT,Tolland,41.818446,-72.3562252
2016,CT,Windham,41.8208345,-72.0051201
2016,DE,Kent,39.1156908,-75.4841394
2016,DE,New Castle,39.6159851,-75.662956
2016,DE,Sussex,38.6908097,-75.3691421
2016,DC,District of Columbia,10000.0,10000.0
2016,FL,Alachua,29.675568,-82.3640109
2016,FL,Baker,30.3143459,-82.2847163
2016,FL,Bay,30.2481693,-85.6593633
2016,FL,Bradford,29.9715087,-82.1608653
2016,FL,Brevard,28.2446658,-80.728624
2016,FL,Broward,26.1598074,-80.4623642
2016,FL,Calhoun,30.3853734,-85.2223516
2016,FL,Charlotte,26.9013269,-81.9156799
2016,FL,Citrus,28.8512851,-82.5141209
2016,FL,Clay,29.9766524,-81.8470596
2016,FL,Collier,26.087964,-81.3794941
2016,FL,Columbia,30.1935988,-82.6327488
2016,FL,Desoto,27.190253,-81.8244232
2016,FL,Dixie,29.6214008,-83.17351
2016,FL,Duval,30.3540073,-81.6632109
2016,FL,Escambia,30.6625885,-87.3451089
2016,FL,Flagler,29.4844412,-81.2917415
2016,FL,Franklin,29.8323143,-84.8239118
2016,FL,Gadsden,30.5937346,-84.6389937
2016,FL,Gilchrist,29.7131619,-82.7975172
2016,FL,Glades,26.9328123,-81.1895983
2016,FL,Gulf,29.9665252,-85.2175889
2016,FL,Hamilton,30.5232289,-82.9763531
2016,FL,Hardee,27.4856349,-81.8196804
2016,FL,Hendry,26.597094,-81.1520667
2016,FL,Hernando,28.5710156,-82.4605068
2016,FL,Highlands,27.3513186,-81.3615717
2016,FL,Hillsborough,27.9184543,-82.3488057
2016,FL,Holmes,30.8918676,-85.8138207
2016,FL,Indian River,27.7041555,-80.5894422
2016,FL,Jackson,30.8013861,-85.2063186
2016,FL,Jefferson,30.3949531,-83.9326576
2016,FL,Lafayette,29.9978185,-83.2221527
2016,FL,Lake,28.7006859,-81.78994
2016,FL,Lee,26.5999265,-81.8823135
2016,FL,Leon,30.4683062,-84.2549068
2016,FL,Levy,29.3008632,-82.7824592
2016,FL,Liberty,30.2506943,-84.8955989
2016,FL,Madison,30.4514352,-83.4524524
2016,FL,Manatee,27.5213933,-82.3801566
2016,FL,Marion,29.2182454,-82.0626948
2016,FL,Martin,27.0673711,-80.3994412
2016,FL,Miami-Dade,25.6364246,-80.4989467
2016,FL,Monroe,25.0405135,-80.8337157
2016,FL,Nassau,30.6624329,-81.7707334
2016,FL,Okaloosa,30.6765961,-86.6037748
2016,FL,Okeechobee,27.3923408,-80.8873655
2016,FL,Orange,28.495156,-81.3111658
2016,FL,Osceola,28.0443842,-81.1437541
2016,FL,Palm Beach,26.6279798,-80.4494174
2016,FL,Pasco,28.2996183,-82.4522702
2016,FL,Pinellas,27.8778904,-82.7329309
2016,FL,Polk,27.9448537,-81.7268789
2016,FL,Putnam,29.6266155,-81.7230549
2016,FL,St. Johns,29.9032284,-81.4145468
2016,FL,St. Lucie,27.3900897,-80.457904
2016,FL,Santa Rosa,30.6964502,-87.0097524
2016,FL,Sarasota,27.1813609,-82.3609195
2016,FL,Seminole,28.7225829,-81.2353683
2016,FL,Sumter,28.6689748,-82.076402
2016,FL,Suwannee,30.2101192,-82.9873377
2016,FL,Taylor,30.0926733,-83.6377926
2016,FL,Union,30.044304,-82.3954479
2016,FL,Volusia,29.0533409,-81.1310761
2016,FL,Wakulla,30.1480038,-84.3543512
2016,FL,Walton,30.6204939,-86.1912678
2016,FL,Washington,30.6009343,-85.6762025
2016,GA,Appling,31.7771435,-82.2996274
2016,GA,Atkinson,31.3030105,-82.8839362
2016,GA,Bacon,31.5555512,-82.4442559
2016,GA,Baker,31.3439196,-84.4555346
2016,GA,Baldwin,33.0869398,-83.2633216
2016,GA,Banks,34.3378598,-83.4970026
2016,GA,Barrow,33.9848611,-83.6996482
2016,GA,Bartow,34.2394683,-84.8406984
2016,GA,Ben Hill,31.7462726,-83.2355879
2016,GA,Berrien,31.2561376,-83.2443709
2016,GA,Bibb,32.8095879,-83.694562
2016,GA,Bleckley,32.4305311,-83.3311795
2016,GA,Brantley,31.1928547,-81.9943569
2016,GA,Brooks,30.8336559,-83.5958387
2016,GA,Bryan,32.0034889,-81.4241017
2016,GA,Bulloch,32.3846338,-81.744832
2016,GA,Burke,33.0482247,-81.9575983
2016,GA,Butts,33.2825083,-83.9548161
2016,GA,Calhoun,31.5311784,-84.614328
2016,GA,Camden,30.9298212,-81.6225075
2016,GA,Candler,32.4146577,-82.0930776
2016,GA,Carroll,33.5588005,-85.0641272
2016,GA,Catoosa,34.8911137,-85.131315
2016,GA,Charlton,30.8775388,-82.1185847
2016,GA,Chatham,31.9668887,-81.0626008
2016,GA,Chattahoochee,32.3320278,-84.7939799
2016,GA,Chattooga,34.4620931,-85.3660518
2016,GA,Cherokee,34.2391265,-84.4720272
2016,GA,Clarke,39.119728,-77.9926448
2016,GA,Clay,31.5738181,-84.9800814
2016,GA,Clayton,33.5204959,-84.3591713
2016,GA,Clinch,30.8938781,-82.6923467
2016,GA,Cobb,33.9373948,-84.5732006
2016,GA,Coffee,31.5301809,-82.8405691
2016,GA,Colquitt,31.1803601,-83.7696152
2016,GA,Columbia,33.5313102,-82.2563979
2016,GA,Cook,31.1455115,-83.4331569
2016,GA,Coweta,33.3500656,-84.7545734
2016,GA,Crawford,32.7212675,-83.9825337
2016,GA,Crisp,31.9152265,-83.77777
2016,GA,Dade,34.8722084,-85.4998791
2016,GA,Dawson,34.4077085,-84.1356771
2016,GA,Decatur,30.8736613,-84.5740953
2016,GA,DeKalb,33.7575613,-84.2186508
2016,GA,Dodge,32.1506514,-83.1520134
2016,GA,Dooly,32.1542383,-83.8253817
2016,GA,Dougherty,31.5426984,-84.1960829
2016,GA,Douglas,33.6995565,-84.7622973
2016,GA,Early,31.3466656,-84.9350894
2016,GA,Echols,30.6968025,-82.9078762
2016,GA,Effingham,32.3419626,-81.338687
2016,GA,Elbert,34.1194318,-82.8408412
2016,GA,Emanuel,32.6078163,-82.2922815
2016,GA,Evans,32.1613648,-81.8980725
2016,GA,Fannin,34.8867955,-84.2715585
2016,GA,Fayette,33.3899269,-84.4953763
2016,GA,Floyd,34.2421984,-85.2229248
2016,GA,Forsyth,34.235309,-84.1335644
2016,GA,Franklin,34.3678642,-83.2156575
2016,GA,Fulton,34.0580391,-84.2961283
2016,GA,Gilmer,34.6859788,-84.452696
2016,GA,Glascock,33.2168832,-82.6112005
2016,GA,Glynn,31.2171726,-81.5012681
2016,GA,Gordon,34.5019651,-84.8986308
2016,GA,Grady,30.867067,-84.2322943
2016,GA,Greene,33.5492988,-83.1660939
2016,GA,Gwinnett,33.9566869,-84.0227467
2016,GA,Habersham,34.6270741,-83.5016755
2016,GA,Hall,34.2905901,-83.8194028
2016,GA,Hancock,33.259656,-82.9988136955049
2016,GA,Haralson,33.7812701,-85.2001291
2016,GA,Harris,32.7251788,-84.9104641
2016,GA,Hart,34.3410525,-82.9503277
2016,GA,Heard,33.2786225,-85.113782
2016,GA,Henry,33.4519942,-84.1367771
2016,GA,Houston,32.4659752,-83.631394
2016,GA,Irwin,31.5730108,-83.2624513
2016,GA,Jackson,34.1282559,-83.5753386
2016,GA,Jasper,33.3254635,-83.6868559
2016,GA,Jeff Davis,31.774687,-82.6800732
2016,GA,Jefferson,33.0380388,-82.436141
2016,GA,Jenkins,32.7793141,-81.9613566
2016,GA,Johnson,32.6938608,-82.6374871
2016,GA,Jones,33.01376735,-83.5568549391459
2016,GA,Lamar,33.0649401,-84.1445952
2016,GA,Lanier,31.029016,-83.0768357
2016,GA,Laurens,32.4239975,-82.9388938
2016,GA,Lee,31.7620158,-84.1346212
2016,GA,Liberty,31.8031632,-81.483441
2016,GA,Lincoln,33.7876673,-82.4508165
2016,GA,Long,31.7704898,-81.753725
2016,GA,Lowndes,30.8195619,-83.2628255
2016,GA,Lumpkin,34.5546076,-83.9926806
2016,GA,McDuffie,33.4631845,-82.4830204
2016,GA,McIntosh,31.4979689,-81.3921575
2016,GA,Macon,32.3421453,-84.0468847
2016,GA,Madison,34.1307533,-83.1817407
2016,GA,Marion,32.3473263,-84.5282597
2016,GA,Meriwether,33.0373582,-84.6717803
2016,GA,Miller,31.1591063,-84.737836
2016,GA,Mitchell,31.260569,-84.1796740364572
2016,GA,Monroe,33.0142344,-83.9044159
2016,GA,Montgomery,32.0839135,-82.539273
2016,GA,Morgan,33.5793193,-83.5051522
2016,GA,Murray,34.7851861,-84.7352262
2016,GA,Muscogee,32.4840651,-84.8502167
2016,GA,Newton,33.5715512,-83.8446101
2016,GA,Oconee,33.829579,-83.4275918
2016,GA,Oglethorpe,33.8702684,-83.1049381
2016,GA,Paulding,33.8908526,-84.8569161
2016,GA,Peach,32.5543462,-83.8350733
2016,GA,Pickens,34.4630619,-84.4682402
2016,GA,Pierce,31.3430068,-82.2352189
2016,GA,Pike,33.081484,-84.3969481
2016,GA,Polk,33.9981581,-85.1567475
2016,GA,Pulaski,32.2330518,-83.4674404
2016,GA,Putnam,33.3231504,-83.3414172
2016,GA,Quitman,31.8769847,-85.0154412
2016,GA,Rabun,34.8796123,-83.4251357
2016,GA,Randolph,31.7620266,-84.7468429
2016,GA,Richmond,33.385076,-82.092079585307
2016,GA,Rockdale,33.6430283,-84.0322064
2016,GA,Schley,32.2478949,-84.3175516
2016,GA,Screven,32.7623379,-81.6272037
2016,GA,Seminole,30.951849,-84.8789094
2016,GA,Spalding,33.2591296,-84.2770865
2016,GA,Stephens,34.55119,-83.2976462
2016,GA,Stewart,32.0732743,-84.8483149
2016,GA,Sumter,32.0485072,-84.1862464
2016,GA,Talbot,32.6984691,-84.505404
2016,GA,Taliaferro,33.5820382,-82.9043661
2016,GA,Tattnall,32.0252793,-82.0580692
2016,GA,Taylor,32.556921,-84.2395154
2016,GA,Telfair,31.9182328,-82.9339377
2016,GA,Terrell,31.7615999,-84.4410234
2016,GA,Thomas,30.8686259,-83.9471866
2016,GA,Tift,31.458826,-83.5179331258868
2016,GA,Toombs,32.1296839,-82.3299928
2016,GA,Towns,34.8971655,-83.7182775
2016,GA,Treutlen,32.396098,-82.5666186
2016,GA,Troup,33.0237625,-85.0254022
2016,GA,Turner,31.7031592,-83.6214408
2016,GA,Twiggs,32.6467914,-83.4351636
2016,GA,Union,34.8180274,-83.9903969
2016,GA,Upson,32.8641062,-84.2904968
2016,GA,Walker,34.7418605,-85.3209686
2016,GA,Walton,33.762884,-83.740416
2016,GA,Ware,31.1727229,-82.4829338
2016,GA,Warren,33.4120461,-82.694643
2016,GA,Washington,32.9619979,-82.7748026
2016,GA,Wayne,31.5675304,-81.9131554
2016,GA,Webster,32.050618,-84.5473105
2016,GA,Wheeler,32.112996,-82.7567324
2016,GA,White,34.6322605,-83.7596041
2016,GA,Whitfield,34.7969288,-84.9745026
2016,GA,Wilcox,31.960784,-83.4379708
2016,GA,Wilkes,33.7898432,-82.7385978
2016,GA,Wilkinson,32.7924994,-83.1623561
2016,GA,Worth,31.524179,-83.8712801
2016,HI,Hawaii,19.6273325,-155.5645619
2016,HI,Honolulu,21.468151,-157.960511
2016,HI,Kauai,22.0603342,-159.503094
2016,HI,Maui,20.7580586,-156.3105232
2016,ID,Ada,43.4136539,-116.2367421
2016,ID,Adams,44.8677448,-116.4572399
2016,ID,Bannock,42.6936188,-112.2506044
2016,ID,Bear Lake,42.2172123,-111.3198808
2016,ID,Benewah,47.2162961,-116.6654616
2016,ID,Bingham,43.1881598,-112.3598354
2016,ID,Blaine,43.3336455,-113.8808311
2016,ID,Boise,43.9873519,-115.7390188
2016,ID,Bonner,48.2663565,-116.5952716
2016,ID,Bonneville,43.3993844,-111.4752257
2016,ID,Boundary,48.7846346,-116.4339511
2016,ID,Butte,43.6989304,-113.2210324
2016,ID,Camas,43.4064019,-114.8070143
2016,ID,Canyon,43.6435692,-116.7017144
2016,ID,Caribou,42.780196,-111.6052607
2016,ID,Cassia,42.2219306,-113.5777087
2016,ID,Clark,44.2761996,-112.361997
2016,ID,Clearwater,46.7108188,-115.658248
2016,ID,Custer,44.2339362,-114.2286662
2016,ID,Elmore,43.3073766,-115.5411027
2016,ID,Franklin,42.1093652,-111.8203389
2016,ID,Fremont,44.2309391,-111.4218314
2016,ID,Gem,44.0123019,-116.3846609
2016,ID,Gooding,43.0031041,-114.8286924
2016,ID,Idaho,45.7680684,-115.5160723
2016,ID,Jefferson,43.8010248,-112.3498022
2016,ID,Jerome,42.702266,-114.2867043
2016,ID,Kootenai,47.654857,-116.7162916
2016,ID,Latah,46.8171611,-116.693441
2016,ID,Lemhi,44.9321886,-113.852998
2016,ID,Lewis,46.2651949,-116.4050453
2016,ID,Lincoln,43.0138672,-114.1650584
2016,ID,Madison,43.7740801,-111.6304151
2016,ID,Minidoka,42.844092,-113.6059588
2016,ID,Nez Perce,46.3959861,-116.8072307
2016,ID,Oneida,42.1628627,-112.5703083
2016,ID,Owyhee,42.4677336,-116.1590085
2016,ID,Payette,44.0374651,-116.7651123
2016,ID,Power,42.6769078,-112.8869775
2016,ID,Shoshone,47.305486,-115.9583164
2016,ID,Teton,43.7647107,-111.2081469
2016,ID,Twin Falls,42.2728777,-114.6971949
2016,ID,Valley,44.7475094,-115.5978843
2016,ID,Washington,44.3986887,-116.7400859
2016,IL,Adams,39.9787786,-91.2110065
2016,IL,Alexander,37.1801529,-89.3502834
2016,IL,Bond,38.8630331,-89.4391416
2016,IL,Boone,42.321246,-88.8235511
2016,IL,Brown,39.9498214,-90.7485656
2016,IL,Bureau,41.4016294,-89.5341179
2016,IL,Calhoun,39.1397507,-90.6506113
2016,IL,Carroll,42.0647352,-89.9556785
2016,IL,Cass,39.9682127,-90.250722
2016,IL,Champaign,40.1346857,-88.1975558
2016,IL,Christian,39.5212598,-89.2829783
2016,IL,Clark,39.3260541,-87.7838526
2016,IL,Clay,38.7340694,-88.4910693
2016,IL,Clinton,38.5896187,-89.420064
2016,IL,Coles,39.5266741,-88.2184999
2016,IL,Cook,41.8197385,-87.756525
2016,IL,Crawford,39.0131644,-87.7291001
2016,IL,Cumberland,39.2744299,-88.2423795
2016,IL,DeKalb,41.8903447,-88.7713953
2016,IL,De Witt,40.1734773,-88.9003733
2016,IL,Douglas,39.7628415,-88.2170516
2016,IL,DuPage,41.8603735,-88.0906873
2016,IL,Edgar,39.6714952,-87.7340364
2016,IL,Edwards,38.410254,-88.0584362
2016,IL,Effingham,39.0520902,-88.6029006
2016,IL,Fayette,39.0001282,-89.0430211
2016,IL,Ford,40.4980955,-88.2552987
2016,IL,Franklin,37.9765409,-88.9335327
2016,IL,Fulton,40.4714305,-90.1845556
2016,IL,Gallatin,37.7509507,-88.2264519
2016,IL,Greene,39.3573664,-90.3898985
2016,IL,Grundy,41.2747363,-88.4119361
2016,IL,Hamilton,38.0619569,-88.5301136
2016,IL,Hancock,40.3941712,-91.1458063
2016,IL,Hardin,37.5137015,-88.2675733
2016,IL,Henderson,40.8156124,-90.9104547
2016,IL,Henry,41.3418549,-90.1177442
2016,IL,Iroquois,40.7351265,-87.8309209
2016,IL,Jackson,37.7668943,-89.3563845
2016,IL,Jasper,39.0082423,-88.1552371
2016,IL,Jefferson,38.3010487,-88.9344303
2016,IL,Jersey,39.0848464,-90.3303344
2016,IL,Jo Daviess,42.3506664,-90.1743742
2016,IL,Johnson,37.4501818,-88.8844045
2016,IL,Kane,41.923434,-88.4248315
2016,IL,Kankakee,41.1253903,-87.848682
2016,IL,Kendall,41.5853584,-88.4319488
2016,IL,Knox,40.920889,-90.2202325
2016,IL,Lake,42.3327033,-87.9939552
2016,IL,LaSalle,41.3474892,-88.9011861
2016,IL,Lawrence,38.7108998,-87.7194375
2016,IL,Lee,41.7459056,-89.2888533
2016,IL,Livingston,40.8682487,-88.5631125
2016,IL,Logan,40.1075089,-89.3768539
2016,IL,McDonough,40.4376858,-90.6780272
2016,IL,McHenry,42.3294391,-88.4605713
2016,IL,McLean,40.4631789,-88.8196613
2016,IL,Macon,39.8455208,-88.9602376
2016,IL,Macoupin,39.2420653,-89.925212
2016,IL,Madison,38.811063,-89.9017112
2016,IL,Marion,38.6477381,-88.9232112
2016,IL,Marshall,41.0324537,-89.2998456
2016,IL,Mason,40.2302271,-89.8660433
2016,IL,Massac,37.2177417,-88.7163312
2016,IL,Menard,40.0166667,-89.7858065
2016,IL,Mercer,41.2019729,-90.7398717
2016,IL,Monroe,38.2722313,-90.1792484
2016,IL,Montgomery,39.2052633,-89.5057126
2016,IL,Morgan,39.7062265,-90.190335
2016,IL,Moultrie,39.6391442,-88.6087498
2016,IL,Ogle,42.0397014,-89.3138599
2016,IL,Peoria,40.8021278,-89.7713762
2016,IL,Perry,38.0772859,-89.3760499
2016,IL,Piatt,39.967291,-88.6072399
2016,IL,Pike,39.6108707,-90.8538306
2016,IL,Pope,37.3933531,-88.5904425
2016,IL,Pulaski,37.2314232,-89.1183427
2016,IL,Putnam,41.2025915,-89.2676414
2016,IL,Randolph,38.0472916,-89.8107962
2016,IL,Richland,38.7060457,-88.0949352
2016,IL,Rock Island,41.4411786,-90.5766144
2016,IL,St. Clair,38.4616972,-89.9324347
2016,IL,Saline,37.750075,-88.5302584
2016,IL,Sangamon,39.7623668,-89.6454905
2016,IL,Schuyler,40.1370869,-90.5697373
2016,IL,Scott,39.6333408,-90.4753685
2016,IL,Shelby,39.3665064,-88.7886278
2016,IL,Stark,41.0712135,-89.8066831
2016,IL,Stephenson,42.3503474,-89.6735637
2016,IL,Tazewell,40.5126429,-89.5442084
2016,IL,Union,37.4616454,-89.2504793
2016,IL,Vermilion,40.1749809,-87.7323857
2016,IL,Wabash,38.4615994,-87.8460903
2016,IL,Warren,40.8442828,-90.6168408
2016,IL,Washington,38.3662806,-89.4201902
2016,IL,Wayne,38.4251958,-88.4197678
2016,IL,White,38.0632329,-88.1577725
2016,IL,Whiteside,41.7612332,-89.9214744
2016,IL,Will,41.4194058,-87.9994754
2016,IL,Williamson,37.7248502,-88.9143385
2016,IL,Winnebago,42.3255276,-89.1496574
2016,IL,Woodford,40.8145359,-89.2074215
2016,IN,Adams,40.7371667,-84.9347295
2016,IN,Allen,41.0975573,-85.0562084
2016,IN,Bartholomew,39.1914156,-85.8204601
2016,IN,Benton,40.6034281,-87.3235164
2016,IN,Blackford,40.4692826,-85.3305529
2016,IN,Boone,40.0459913,-86.4650842
2016,IN,Brown,39.1682855,-86.2297004
2016,IN,Carroll,40.5802239,-86.5693296
2016,IN,Cass,40.7808235,-86.3449159
2016,IN,Clark,38.4941217,-85.7169081
2016,IN,Clay,39.3864958,-87.1025862
2016,IN,Clinton,40.2992769,-86.4692735
2016,IN,Crawford,38.304425,-86.444022
2016,IN,Daviess,38.6776099,-87.0813484
2016,IN,Dearborn,39.1340338,-84.9820997
2016,IN,Decatur,39.2862128,-85.4943058
2016,IN,DeKalb,41.3991456,-85.001244
2016,IN,Delaware,40.2193275,-85.4040612
2016,IN,Dubois,38.3644324,-86.8870278
2016,IN,Elkhart,41.6012796,-85.8590603
2016,IN,Fayette,39.619235,-85.179378
2016,IN,Floyd,38.299,-85.8933233593055
2016,IN,Fountain,40.125252,-87.2497418
2016,IN,Franklin,39.4149034,-85.0563234
2016,IN,Fulton,41.0421416,-86.2875206
2016,IN,Gibson,38.3079744,-87.5775949
2016,IN,Grant,40.5114735,-85.6540606
2016,IN,Greene,39.0227107,-86.9958489
2016,IN,Hamilton,40.0749813,-86.0498885
2016,IN,Hancock,39.8127873,-85.7874738
2016,IN,Harrison,38.1816187,-86.1066917
2016,IN,Hendricks,39.7565309,-86.5173641
2016,IN,Henry,39.9297608,-85.4043542
2016,IN,Howard,40.4787061,-86.1350343
2016,IN,Huntington,40.8008286,-85.5018494
2016,IN,Jackson,38.9023184,-86.0650856
2016,IN,Jasper,41.0321808,-87.1066598
2016,IN,Jay,40.4370864,-85.0212356
2016,IN,Jefferson,38.8166724,-85.4299489
2016,IN,Jennings,38.9957749,-85.6359201
2016,IN,Johnson,39.4891804,-86.1079903
2016,IN,Knox,38.687009,-87.3811461
2016,IN,Kosciusko,41.2351957,-85.8529731
2016,IN,LaGrange,41.6372578,-85.4216948
2016,IN,Lake,41.4193829,-87.3692227
2016,IN,LaPorte,41.5718945,-86.7490124
2016,IN,Lawrence,38.8400395,-86.4880717
2016,IN,Madison,40.1624531,-85.7260804
2016,IN,Marion,39.7810289,-86.1365457
2016,IN,Marshall,41.322843,-86.2809625
2016,IN,Martin,38.6705579,-86.8022436
2016,IN,Miami,40.81872435,-86.0558596169356
2016,IN,Monroe,39.1294237,-86.5187646
2016,IN,Montgomery,40.0361447,-86.9007083
2016,IN,Morgan,39.4665575,-86.4556794
2016,IN,Newton,40.939576,-87.3966953
2016,IN,Noble,41.3990708,-85.4193348
2016,IN,Ohio,38.9480496,-84.9581728
2016,IN,Orange,38.5421361,-86.4953216
2016,IN,Owen,39.2984518,-86.8508562
2016,IN,Parke,39.7686321,-87.2158436
2016,IN,Perry,38.0893386,-86.632911
2016,IN,Pike,38.4159433,-87.214144
2016,IN,Porter,41.4457032,-87.0724971
2016,IN,Posey,38.0145359,-87.8543645
2016,IN,Pulaski,41.031393,-86.6990692
2016,IN,Putnam,39.6666195,-86.8374032
2016,IN,Randolph,40.1560108,-85.011566
2016,IN,Ripley,39.0846316,-85.2691784
2016,IN,Rush,39.6220357,-85.4731911
2016,IN,St. Joseph,41.5941578,-86.2787334
2016,IN,Scott,38.6727039,-85.7444145
2016,IN,Shelby,39.493485,-85.8190596
2016,IN,Spencer,38.0288806,-86.9976446
2016,IN,Starke,41.2753164,-86.6457565
2016,IN,Steuben,41.6414101,-85.0023642
2016,IN,Sullivan,39.0492722,-87.4172644
2016,IN,Switzerland,38.8249258,-85.0373975
2016,IN,Tippecanoe,40.3916066,-86.8879689
2016,IN,Tipton,40.2899154,-86.058442
2016,IN,Union,39.6196086,-84.9292376
2016,IN,Vanderburgh,38.0461185,-87.5806553
2016,IN,Vermillion,39.8763626,-87.4635672
2016,IN,Vigo,39.4174652,-87.3974269
2016,IN,Wabash,40.8065352,-85.7833563
2016,IN,Warren,40.3424546,-87.3564255
2016,IN,Warrick,38.0906065,-87.2758933
2016,IN,Washington,38.5612578,-86.1179768
2016,IN,Wayne,39.8638778,-85.0198586
2016,IN,Wells,40.7013353,-85.2116102
2016,IN,White,40.7422434,-86.8713913
2016,IN,Whitley,41.1238216,-85.5035187
2016,IA,Adair,41.3127814,-94.4953303
2016,IA,Adams,41.0161621,-94.6850186
2016,IA,Allamakee,43.2961731,-91.3961856
2016,IA,Appanoose,40.7455904,-92.8649061
2016,IA,Audubon,41.670205,-94.9106526
2016,IA,Benton,42.0599693,-92.0776319
2016,IA,Black Hawk,42.4607526,-92.3030235
2016,IA,Boone,42.0171798,-93.9254114
2016,IA,Bremer,42.7669649,-92.3099856
2016,IA,Buchanan,42.4634928,-91.8449198
2016,IA,Buena Vista,42.7445814,-95.1127525
2016,IA,Butler,42.7336512,-92.7819493
2016,IA,Calhoun,42.3808184,-94.6332459
2016,IA,Carroll,42.0193628,-94.860335
2016,IA,Cass,41.3122834,-94.9215151
2016,IA,Cedar,41.7608608,-91.1263198
2016,IA,Cerro Gordo,43.0742443,-93.2548746
2016,IA,Cherokee,42.7247968,-95.6249803
2016,IA,Chickasaw,43.05994,-92.316679
2016,IA,Clarke,41.0152092,-93.7842976
2016,IA,Clay,43.0809373,-95.1407762
2016,IA,Clayton,42.8547706,-91.3667151
2016,IA,Clinton,41.9054695,-90.5599971
2016,IA,Crawford,42.020579,-95.3811884
2016,IA,Dallas,41.6744179,-94.0394437
2016,IA,Davis,40.7474784,-92.3965311
2016,IA,Decatur,40.7418231,-93.7994193
2016,IA,Delaware,42.4663805,-91.3621282
2016,IA,Des Moines,40.9195431,-91.1971044
2016,IA,Dickinson,43.3753018,-95.1654279
2016,IA,Dubuque,42.4692988,-90.8742047
2016,IA,Emmet,43.3707528,-94.6749933
2016,IA,Fayette,42.8420766,-91.850265
2016,IA,Floyd,43.0587894,-92.7830539
2016,IA,Franklin,42.7285907,-93.2513168
2016,IA,Fremont,40.7345943,-95.5924782
2016,IA,Greene,42.0182893,-94.4005864
2016,IA,Grundy,42.4132701,-92.7808666
2016,IA,Guthrie,41.6721976,-94.4985983
2016,IA,Hamilton,42.382945,-93.7083849
2016,IA,Hancock,43.0847702,-93.7363674
2016,IA,Hardin,42.3840463,-93.2293918
2016,IA,Harrison,41.6659155,-95.7976315
2016,IA,Henry,40.9778301,-91.5511282
2016,IA,Howard,43.3353641,-92.3230007
2016,IA,Humboldt,42.7756032,-94.1956133
2016,IA,Ida,42.3788371,-95.4949407
2016,IA,Iowa,41.683983,-92.0612268
2016,IA,Jackson,42.1420382,-90.5480067
2016,IA,Jasper,41.6791308,-93.0647786
2016,IA,Jefferson,41.0131342,-91.9718642
2016,IA,Johnson,41.6861834,-91.6061124
2016,IA,Jones,42.1081969,-91.1427196
2016,IA,Keokuk,41.3154792,-92.1867128
2016,IA,Kossuth,43.1825351,-94.209098
2016,IA,Lee,40.6524894,-91.507313
2016,IA,Linn,42.0631825,-91.6037932
2016,IA,Louisa,41.206668,-91.2683976
2016,IA,Lucas,41.0147422,-93.3427643
2016,IA,Lyon,43.3747071,-96.2081917
2016,IA,Madison,41.3133406,-94.0167968
2016,IA,Mahaska,41.314939,-92.6489935
2016,IA,Marion,41.3144108,-93.1010141
2016,IA,Marshall,42.0378125,-92.9915704
2016,IA,Mills,41.0171392,-95.6087477
2016,IA,Mitchell,43.342033,-92.7840209
2016,IA,Monona,42.0218737,-95.9356631
2016,IA,Monroe,41.0142519,-92.8792544
2016,IA,Montgomery,41.0166807,-95.1753285
2016,IA,Muscatine,41.4776121,-91.1210053
2016,IA,O'Brien,43.0755779,-95.6277063
2016,IA,Osceola,43.3684613,-95.6299944
2016,IA,Page,40.736337,-95.1602396
2016,IA,Palo Alto,43.0762829,-94.6625047
2016,IA,Plymouth,42.7369124,-96.2213607
2016,IA,Pocahontas,42.7262681,-94.6477383
2016,IA,Polk,41.6765808,-93.5921448
2016,IA,Pottawattamie,41.3115686,-95.5331269
2016,IA,Poweshiek,41.6816512,-92.5435034
2016,IA,Ringgold,40.7399875,-94.2547473
2016,IA,Sac,42.3797854,-95.0825306
2016,IA,Scott,41.6251843,-90.6164201
2016,IA,Shelby,41.668243,-95.3163623
2016,IA,Sioux,43.0574079,-96.1602368
2016,IA,Story,42.0161612,-93.489194
2016,IA,Tama,42.0568108,-92.5433918
2016,IA,Taylor,40.738254,-94.6847413
2016,IA,Union,41.015699,-94.2472694
2016,IA,Van Buren,40.749202,-91.9689529
2016,IA,Wapello,41.0137597,-92.4140217
2016,IA,Warren,41.3138645,-93.5685324
2016,IA,Washington,41.3160082,-91.7340327
2016,IA,Wayne,40.7436612,-93.343458
2016,IA,Webster,42.4326072,-94.184316
2016,IA,Winnebago,43.3747879,-93.7316088
2016,IA,Winneshiek,43.2677179,-91.8563139
2016,IA,Woodbury,42.3775361,-96.0607187
2016,IA,Worth,43.3696764,-93.2658698
2016,IA,Wright,42.7404452,-93.7325849
2016,KS,Allen,37.8882168,-95.3170208
2016,KS,Anderson,38.198077,-95.3067461
2016,KS,Atchison,39.545816,-95.3326052
2016,KS,Barber,37.2113342,-98.7033263
2016,KS,Barton,38.4683432,-98.776234
2016,KS,Bourbon,37.8485797,-94.8679591
2016,KS,Brown,39.824223,-95.5819952
2016,KS,Butler,37.77924,-96.8456342
2016,KS,Chase,39.60072345,-104.722347422972
2016,KS,Chautauqua,37.146335,-96.2656966
2016,KS,Cherokee,37.1718068,-94.8482069
2016,KS,Cheyenne,39.7955799,-101.7575491
2016,KS,Clark,37.2045719,-99.8133765
2016,KS,Clay,39.3615169,-97.1718432
2016,KS,Cloud,39.4850226,-97.6705137
2016,KS,Coffey,38.235413,-95.7498925
2016,KS,Comanche,37.1960944,-99.2958383
2016,KS,Cowley,37.2413155,-96.8675685
2016,KS,Crawford,37.503889,-94.8652466
2016,KS,Decatur,39.7940527,-100.472769
2016,KS,Dickinson,38.8790615,-97.1893341
2016,KS,Doniphan,39.7831556,-95.1776492
2016,KS,Douglas,38.8838392,-95.2874559
2016,KS,Edwards,37.8684743,-99.3245584
2016,KS,Elk,37.4619149,-96.2528451
2016,KS,Ellis,38.9206744,-99.3267086
2016,KS,Ellsworth,38.6942009,-98.2149289
2016,KS,Finney,38.0452481,-100.8199963
2016,KS,Ford,37.7072469,-99.8943146
2016,KS,Franklin,38.5720008,-95.3184483
2016,KS,Geary,38.9885445,-96.7619968
2016,KS,Gove,38.9030073,-100.5073968
2016,KS,Graham,39.34062,-99.8980624
2016,KS,Grant,37.553026,-101.3067042
2016,KS,Gray,37.7221896,-100.4373907
2016,KS,Greeley,40.4233142,-104.7091322
2016,KS,Greenwood,37.8709542,-96.2471338
2016,KS,Hamilton,38.0058948,-101.8141159
2016,KS,Harper,37.1922068,-98.0835849
2016,KS,Harvey,38.0352315,-97.4486267
2016,KS,Haskell,37.5611249,-100.8840421
2016,KS,Hodgeman,38.0875979,-99.900952
2016,KS,Jackson,39.4030917,-95.8159647
2016,KS,Jefferson,39.2405893,-95.391413
2016,KS,Jewell,39.795263,-98.2255146
2016,KS,Johnson,38.8837933,-94.8389141
2016,KS,Kearny,37.9960049,-101.3523356
2016,KS,Kingman,37.5420937,-98.122172
2016,KS,Kiowa,37.5529578,-99.296556
2016,KS,Labette,37.1899712,-95.3103729
2016,KS,Lane,38.4651663,-100.4776682
2016,KS,Leavenworth,39.2147095,-95.0620347
2016,KS,Lincoln,39.0343606,-98.2155504
2016,KS,Linn,38.1965927,-94.8578272
2016,KS,Logan,38.9058216,-101.1552381
2016,KS,Lyon,38.4573987,-96.1683124
2016,KS,McPherson,38.3659015,-97.6575171
2016,KS,Marion,38.3734544,-97.1305937
2016,KS,Marshall,39.7865054,-96.5255661
2016,KS,Meade,37.2091116,-100.396302
2016,KS,Miami,38.5620514,-94.8557402
2016,KS,Mitchell,39.3863019,-98.2112629
2016,KS,Montgomery,37.1983948,-95.7628341
2016,KS,Morris,38.6908906,-96.6707526
2016,KS,Morton,37.1960735,-101.8099541
2016,KS,Nemaha,39.7880532,-96.0157844
2016,KS,Neosho,37.5566345,-95.33166
2016,KS,Ness,38.4713429,-99.9586896
2016,KS,Norton,39.7944702,-99.9100033
2016,KS,Osage,38.6736049,-95.7367738
2016,KS,Osborne,39.3351558,-98.7933509
2016,KS,Ottawa,39.1273653,-97.6568094
2016,KS,Pawnee,38.1858758,-99.240825
2016,KS,Phillips,39.7961542,-99.346586
2016,KS,Pottawatomie,39.3928203,-96.3414279
2016,KS,Pratt,37.6280602,-98.7485305
2016,KS,Rawlins,39.7904797,-101.0994722
2016,KS,Reno,37.930344,-98.1055753
2016,KS,Republic,39.8266503,-97.6580834
2016,KS,Rice,38.3266261,-98.2007179
2016,KS,Riley,39.3026347,-96.7709339
2016,KS,Rooks,39.3494127,-99.3216587
2016,KS,Rush,38.5047752,-99.309214
2016,KS,Russell,38.8970508,-98.7980433
2016,KS,Saline,38.7704462,-97.6669832
2016,KS,Scott,38.4584915,-100.9336244
2016,KS,Sedgwick,37.6448148,-97.4641388
2016,KS,Seward,37.1850331,-100.8928434
2016,KS,Shawnee,39.0273676,-95.7627535
2016,KS,Sheridan,39.3530598,-100.4576457
2016,KS,Sherman,39.3412127,-101.7492408
2016,KS,Smith,39.796749,-98.7935393
2016,KS,Stafford,38.0350094,-98.718816
2016,KS,Stanton,37.5691072,-101.7935648
2016,KS,Stevens,37.1929045,-101.3119354
2016,KS,Sumner,37.2435967,-97.4792142
2016,KS,Thomas,39.3529613,-101.0810229
2016,KS,Trego,38.9289979,-99.9130572
2016,KS,Wabaunsee,38.9468399,-96.1991241
2016,KS,Wallace,38.9073846,-101.7565099
2016,KS,Washington,39.7887478,-97.0917391
2016,KS,Wichita,38.4482137,-101.3352939
2016,KS,Wilson,37.5692118,-95.7452639
2016,KS,Woodson,37.8811369,-95.7517113
2016,KS,Wyandotte,39.1090458,-94.767624
2016,KY,Adair,37.0954558,-85.289922
2016,KY,Allen,36.7528961,-86.1924103
2016,KY,Anderson,38.0096811,-84.9880147
2016,KY,Ballard,37.0231521,-88.9888619
2016,KY,Barren,36.9584649,-85.925817
2016,KY,Bath,38.1245248,-83.7249243
2016,KY,Bell,36.7370344,-83.6491695
2016,KY,Boone,38.9589235,-84.7160121
2016,KY,Bourbon,38.1944867,-84.2046611
2016,KY,Boyd,38.3608934,-82.6945926
2016,KY,Boyle,37.6240938,-84.8540572
2016,KY,Bracken,38.686946,-84.0751461
2016,KY,Breathitt,37.5248869,-83.2943551
2016,KY,Breckinridge,37.7406389,-86.4109353
2016,KY,Bullitt,37.9749498,-85.6742394
2016,KY,Butler,37.240158,-86.673921
2016,KY,Caldwell,37.1169666,-87.8391211
2016,KY,Calloway,36.6257937,-88.271076
2016,KY,Campbell,38.9339799,-84.3715286
2016,KY,Carlisle,36.8432751,-88.9636817
2016,KY,Carroll,38.65718,-85.1000246
2016,KY,Carter,38.3199171,-83.0039034
2016,KY,Casey,37.2911032,-84.9146294
2016,KY,Christian,36.8778665,-87.5014545
2016,KY,Clark,37.9713791,-84.1550145
2016,KY,Clay,37.1540436,-83.723144
2016,KY,Clinton,36.7190018,-85.1426047
2016,KY,Crittenden,37.3600974,-88.0885106
2016,KY,Cumberland,36.7934611,-85.3795095
2016,KY,Daviess,37.6877924,-87.0818357
2016,KY,Edmonson,37.1999181,-86.2206738
2016,KY,Elliott,38.1178636,-83.0656398
2016,KY,Estill,37.6896864,-83.9407279
2016,KY,Fayette,38.0280648,-84.4722444
2016,KY,Fleming,38.3663888,-83.6790737
2016,KY,Floyd,37.5473459,-82.7645621
2016,KY,Franklin,38.2520423,-84.8633812
2016,KY,Fulton,36.5577082,-89.102082
2016,KY,Gallatin,38.7531444,-84.8435828
2016,KY,Garrard,37.6360342,-84.5408428
2016,KY,Grant,38.6472221,-84.6162564
2016,KY,Graves,36.7244966,-88.6569094
2016,KY,Grayson,37.4537437,-86.3389464
2016,KY,Green,37.2433976,-85.5346302
2016,KY,Greenup,38.5108112,-82.9180186
2016,KY,Hancock,37.8189002,-86.7532261
2016,KY,Hardin,37.6645815,-85.9634901
2016,KY,Harlan,36.8411336,-83.22678
2016,KY,Harrison,38.4355948,-84.3216412
2016,KY,Hart,37.2921203,-85.8845579
2016,KY,Henderson,37.76721,-87.5573742
2016,KY,Henry,38.447983,-85.1191168
2016,KY,Hickman,36.6903525,-88.9587214
2016,KY,Hopkins,37.3006817,-87.5612458
2016,KY,Jackson,37.4200233,-83.9913882
2016,KY,Jefferson,38.1787175,-85.664528
2016,KY,Jessamine,37.8652866,-84.576902
2016,KY,Johnson,37.8397984,-82.8159642
2016,KY,Kenton,38.9252546,-84.5331967
2016,KY,Knott,37.3521946,-82.9314574
2016,KY,Knox,36.8934427,-83.8545725
2016,KY,Larue,37.5257936,-85.7027413
2016,KY,Laurel,37.1000973,-84.1148273
2016,KY,Lawrence,38.0601807,-82.7316588
2016,KY,Lee,37.6001442,-83.7073043
2016,KY,Leslie,37.082981,-83.3750732
2016,KY,Letcher,37.1208843,-82.8451698
2016,KY,Lewis,38.5192128,-83.3400338
2016,KY,Lincoln,37.4657952,-84.6573677
2016,KY,Livingston,37.1898627,-88.3343825
2016,KY,Logan,36.823707,-86.8833607
2016,KY,Lyon,36.9981232,-88.0658149
2016,KY,McCracken,37.0335839,-88.7107201
2016,KY,McCreary,36.735774,-84.4960095
2016,KY,McLean,37.5216272,-87.2594272
2016,KY,Madison,37.7298081,-84.2974735
2016,KY,Magoffin,37.6859873,-83.039044
2016,KY,Marion,37.5413747,-85.2650391
2016,KY,Marshall,36.8624306,-88.3264641
2016,KY,Martin,37.8022242,-82.5077178
2016,KY,Mason,38.5755445,-83.8118236
2016,KY,Meade,37.9313371,-86.1902231
2016,KY,Menifee,37.9357602,-83.6014187
2016,KY,Mercer,37.8087581,-84.8760836
2016,KY,Metcalfe,36.9767017,-85.6254484
2016,KY,Monroe,36.699465,-85.7284653
2016,KY,Montgomery,38.0372304,-83.9152368
2016,KY,Morgan,37.9198759,-83.2097119
2016,KY,Muhlenberg,37.1984359,-87.1417319
2016,KY,Nelson,37.8078463,-85.4741595
2016,KY,Nicholas,38.3287954,-84.0153581
2016,KY,Ohio,37.4757698,-86.8560639
2016,KY,Oldham,38.40476845,-85.4768315588552
2016,KY,Owen,38.5303187,-84.819254
2016,KY,Owsley,37.4082295,-83.681994
2016,KY,Pendleton,38.6914606,-84.3689142
2016,KY,Perry,37.2203608,-83.1640699
2016,KY,Pike,37.4512431,-82.3855722
2016,KY,Powell,37.8192526,-83.8239902
2016,KY,Pulaski,37.1124781,-84.593893
2016,KY,Robertson,38.513372,-84.0465647
2016,KY,Rockcastle,37.3885959,-84.3254309
2016,KY,Rowan,38.1822638,-83.4039128
2016,KY,Russell,37.0042935,-85.0254935171456
2016,KY,Scott,38.2776401,-84.5816131
2016,KY,Shelby,38.2215625,-85.2111267
2016,KY,Simpson,36.73518,-86.5780102
2016,KY,Spencer,38.0237475,-85.3203899
2016,KY,Taylor,37.3396409,-85.3096607
2016,KY,Todd,36.8098474,-87.1728185
2016,KY,Trigg,36.7949221,-87.8782433
2016,KY,Trimble,38.5984202,-85.3221506
2016,KY,Union,37.637247,-87.958036
2016,KY,Warren,36.9812407,-86.4233533
2016,KY,Washington,37.7310874,-85.1750475
2016,KY,Wayne,36.7822106,-84.8250848
2016,KY,Webster,37.5139929,-87.6650997
2016,KY,Whitley,36.7324324,-84.1512134
2016,KY,Wolfe,37.7430509,-83.4868591
2016,KY,Woodford,38.0686424,-84.7404532
2016,LA,Acadia,30.2740735,-92.3957036
2016,LA,Allen,37.8882168,-95.3170208
2016,LA,Ascension,-7.942,-14.357894725
2016,LA,Assumption,29.9185432,-91.0533996
2016,LA,Avoyelles,31.0471604,-92.0019698
2016,LA,Beauregard,44.5389786,0.6870918
2016,LA,Bienville,32.3231432,-93.0761115
2016,LA,Bossier,32.6676663,-93.5959786
2016,LA,Caddo,35.131317,-98.3797949
2016,LA,Calcasieu,30.2232015,-93.3434067
2016,LA,Caldwell,39.6558966,-93.9997281
2016,LA,Cameron,41.4586993,-78.1931833
2016,LA,Catahoula,31.7294681,-91.8487107
2016,LA,Claiborne,36.4673161,-83.6786377
2016,LA,Concordia,31.3941887,-91.6714379
2016,LA,De Soto,31.95478,-84.0638085448505
2016,LA,East Baton Rouge,30.5254797,-91.0899217
2016,LA,East Carroll,10000.0,10000.0
2016,LA,East Feliciana,30.8462165,-91.0405799
2016,LA,Evangeline,30.6976776,-92.4217813
2016,LA,Franklin,37.9765409,-88.9335327
2016,LA,Grant,37.553026,-101.3067042
2016,LA,Iberia,39.8952029,-4.49836304748148
2016,LA,Iberville,30.2120844,-91.3133623
2016,LA,Jackson,37.7668943,-89.3563845
2016,LA,Jefferson,38.3010487,-88.9344303
2016,LA,Jefferson Davis,31.5576951,-89.8386843
2016,LA,Lafayette,29.9978185,-83.2221527
2016,LA,Lafourche,29.5820155,-90.3964889
2016,LA,La Salle,28.3391148,-99.0982257
2016,LA,Lincoln,39.0343606,-98.2155504
2016,LA,Livingston,40.8682487,-88.5631125
2016,LA,Madison,38.811063,-89.9017112
2016,LA,Morehouse,32.8326959,-91.8374127
2016,LA,Natchitoches,31.7606732,-93.0860209
2016,LA,Orleans,43.2244513,-78.2272835
2016,LA,Ouachita,33.5680929,-92.9355875
2016,LA,Plaquemines,29.4291161,-89.5123524
2016,LA,Pointe Coupee,30.6194283,-91.5740887
2016,LA,Rapides,31.1719886,-92.5526386
2016,LA,Red River,33.571979,-95.0429674
2016,LA,Richland,38.7060457,-88.0949352
2016,LA,Sabine,31.3325489,-93.8722218
2016,LA,St. Bernard,45.09180035,6.07161504396034
2016,LA,St. Charles,38.783029,-90.4822662
2016,LA,St. Helena,38.5052288,-122.4700424
2016,LA,St. James,43.9824577,-94.6269181
2016,LA,St. John the Baptist,30.1141748,-90.5276838
2016,LA,St. Landry,30.6174002,-92.0035057
2016,LA,St. Martin,50.6973241,13.8468397
2016,LA,St. Mary,39.48123685,-106.044075587826
2016,LA,St. Tammany,30.4243909,-89.9730381
2016,LA,Tangipahoa,30.6323024,-90.4315754
2016,LA,Tensas,31.9834216,-91.3708695
2016,LA,Terrebonne,45.7081005,-73.6515157
2016,LA,Union,37.4616454,-89.2504793
2016,LA,Vermilion,40.1749809,-87.7323857
2016,LA,Vernon,37.8639924,-94.3800151
2016,LA,Washington,38.3662806,-89.4201902
2016,LA,Webster,37.5139929,-87.6650997
2016,LA,West Baton Rouge,30.4514623,-91.3261882
2016,LA,West Carroll,32.7864174,-91.4586366
2016,LA,West Feliciana,30.8842729,-91.4016657
2016,LA,Winn,31.6518265,-87.9172244
2016,ME,Androscoggin,44.1402839,-70.196395
2016,ME,Aroostook,46.6847962,-68.4701132
2016,ME,Cumberland,43.8506432,-70.4001498
2016,ME,Franklin,44.916814,-70.4395797
2016,ME,Hancock,44.7135397,-68.2994753
2016,ME,Kennebec,44.4184616,-69.8250659
2016,ME,Knox,44.1773049,-69.2127109
2016,ME,Lincoln,44.1137571,-69.5351337
2016,ME,Oxford,44.4694529,-70.7782375
2016,ME,Penobscot,45.2930166,-68.5957766
2016,ME,Piscataquis,45.8358193,-69.2923096
2016,ME,Sagadahoc,43.9900158,-69.8654643
2016,ME,Somerset,45.4538403,-70.0997288
2016,ME,Waldo,44.4870161,-69.1365185
2016,ME,Washington,44.9744397,-67.6287553
2016,ME,York,43.4229305,-70.6546639
2016,MD,Allegany,39.6572451,-78.6550628
2016,MD,Anne Arundel,38.9722583,-76.573454
2016,MD,Baltimore,39.4445243,-76.6483482
2016,MD,Calvert,38.5288529,-76.537764
2016,MD,Caroline,38.8550631,-75.8247398
2016,MD,Carroll,39.5685399,-77.026707
2016,MD,Cecil,39.5729428,-75.9381806
2016,MD,Charles,38.4991611,-77.027847
2016,MD,Dorchester,38.3930694,-76.0995677
2016,MD,Frederick,39.4608481,-77.4118135
2016,MD,Garrett,39.544087,-79.2496976
2016,MD,Harford,39.548545,-76.3048991
2016,MD,Howard,39.2305289,-76.9166241
2016,MD,Kent,39.2587546,-76.1038454
2016,MD,Montgomery,39.1406267,-77.2075612
2016,MD,Prince George's,38.803929,-76.8518695
2016,MD,Queen Anne's,39.0273331,-76.0616856
2016,MD,St. Mary's,38.206621,-76.5389973
2016,MD,Somerset,38.0630795,-75.8745873
2016,MD,Talbot,38.7542065,-76.1919824
2016,MD,Washington,39.5893502,-77.710254
2016,MD,Wicomico,38.3888688,-75.635738
2016,MD,Worcester,38.2231182,-75.3319465
2016,MD,Baltimore City,39.64949155,-76.7535292124397
2016,MA,Barnstable,41.6718684,-70.3499234
2016,MA,Berkshire,42.3999954,-73.2322639
2016,MA,Bristol,41.7425538,-71.0856545
2016,MA,Dukes,41.3926378,-70.642011
2016,MA,Essex,42.629142,-70.8664947
2016,MA,Franklin,42.5896205,-72.6110645
2016,MA,Hampden,42.1285315,-72.6063441
2016,MA,Hampshire,42.3432499,-72.6213339
2016,MA,Middlesex,42.485452,-71.3968261
2016,MA,Nantucket,41.2657181,-70.0683144
2016,MA,Norfolk,42.1538607,-71.1828015
2016,MA,Plymouth,41.9426657,-70.7618592
2016,MA,Suffolk,42.3544455,-70.9788771
2016,MA,Worcester,42.3680019,-71.9220228
2016,MI,Alcona,44.6765986,-83.5908023
2016,MI,Alger,46.4047895,-86.5280993
2016,MI,Allegan,42.5867203,-85.8861492
2016,MI,Alpena,45.0176181,-83.6670019
2016,MI,Antrim,44.9947369,-85.1133189
2016,MI,Arenac,44.0608193,-83.8718694
2016,MI,Baraga,46.6354348,-88.3876368
2016,MI,Barry,42.5910739,-85.3242417
2016,MI,Bay,43.6957567,-83.9402747
2016,MI,Benzie,44.6408868,-85.9928452
2016,MI,Berrien,41.9838614,-86.3985714
2016,MI,Branch,41.916753,-85.0649374
2016,MI,Calhoun,42.2461339,-85.0229223
2016,MI,Cass,41.9090169,-85.9970051
2016,MI,Charlevoix,45.202075,-84.9676387
2016,MI,Cheboygan,45.4417481,-84.4768486
2016,MI,Chippewa,46.3111149,-84.6428564
2016,MI,Clare,43.9688673,-84.8505091
2016,MI,Clinton,42.9435238,-84.6125345
2016,MI,Crawford,44.6769346,-84.6237147
2016,MI,Delta,46.0236602,-86.8950252
2016,MI,Dickinson,45.9874631,-87.8864905
2016,MI,Eaton,42.5935964,-84.8443666
2016,MI,Emmet,45.5064041,-84.8567966
2016,MI,Genesee,43.0220032,-83.7274305
2016,MI,Gladwin,43.9747774,-84.3873235
2016,MI,Gogebic,46.403433,-89.6626791
2016,MI,Grand Traverse,44.6409162,-85.5801336
2016,MI,Gratiot,43.2903117,-84.6098023
2016,MI,Hillsdale,41.8779105,-84.5984396
2016,MI,Houghton,46.8591287,-88.7774734
2016,MI,Huron,43.8385749,-83.0221987
2016,MI,Ingham,42.5860505,-84.3800841
2016,MI,Ionia,42.9469688,-85.0713945
2016,MI,Iosco,0.0,0.0
2016,MI,Iron,0.0,0.0
2016,MI,Isabella,0.0,0.0
2016,MI,Jackson,0.0,0.0
2016,MI,Kalamazoo,0.0,0.0
2016,MI,Kalkaska,0.0,0.0
2016,MI,Kent,0.0,0.0
2016,MI,Keweenaw,0.0,0.0
2016,MI,Lake,0.0,0.0
2016,MI,Lapeer,0.0,0.0
2016,MI,Leelanau,0.0,0.0
2016,MI,Lenawee,0.0,0.0
2016,MI,Livingston,0.0,0.0
2016,MI,Luce,0.0,0.0
2016,MI,Mackinac,0.0,0.0
2016,MI,Macomb,0.0,0.0
2016,MI,Manistee,0.0,0.0
2016,MI,Marquette,0.0,0.0
2016,MI,Mason,0.0,0.0
2016,MI,Mecosta,0.0,0.0
2016,MI,Menominee,0.0,0.0
2016,MI,Midland,0.0,0.0
2016,MI,Missaukee,0.0,0.0
2016,MI,Monroe,0.0,0.0
2016,MI,Montcalm,0.0,0.0
2016,MI,Montmorency,0.0,0.0
2016,MI,Muskegon,0.0,0.0
2016,MI,Newaygo,0.0,0.0
2016,MI,Oakland,0.0,0.0
2016,MI,Oceana,0.0,0.0
2016,MI,Ogemaw,0.0,0.0
2016,MI,Ontonagon,0.0,0.0
2016,MI,Osceola,0.0,0.0
2016,MI,Oscoda,0.0,0.0
2016,MI,Otsego,0.0,0.0
2016,MI,Ottawa,0.0,0.0
2016,MI,Presque Isle,0.0,0.0
2016,MI,Roscommon,0.0,0.0
2016,MI,Saginaw,0.0,0.0
2016,MI,St. Clair,0.0,0.0
2016,MI,St. Joseph,0.0,0.0
2016,MI,Sanilac,0.0,0.0
2016,MI,Schoolcraft,0.0,0.0
2016,MI,Shiawassee,0.0,0.0
2016,MI,Tuscola,0.0,0.0
2016,MI,Van Buren,0.0,0.0
2016,MI,Washtenaw,0.0,0.0
2016,MI,Wayne,0.0,0.0
2016,MI,Wexford,0.0,0.0
2016,MN,Aitkin,0.0,0.0
2016,MN,Anoka,0.0,0.0
2016,MN,Becker,0.0,0.0
2016,MN,Beltrami,0.0,0.0
2016,MN,Benton,0.0,0.0
2016,MN,Big Stone,0.0,0.0
2016,MN,Blue Earth,0.0,0.0
2016,MN,Brown,0.0,0.0
2016,MN,Carlton,0.0,0.0
2016,MN,Carver,0.0,0.0
2016,MN,Cass,0.0,0.0
2016,MN,Chippewa,0.0,0.0
2016,MN,Chisago,0.0,0.0
2016,MN,Clay,0.0,0.0
2016,MN,Clearwater,0.0,0.0
2016,MN,Cook,0.0,0.0
2016,MN,Cottonwood,0.0,0.0
2016,MN,Crow Wing,0.0,0.0
2016,MN,Dakota,0.0,0.0
2016,MN,Dodge,0.0,0.0
2016,MN,Douglas,0.0,0.0
2016,MN,Faribault,0.0,0.0
2016,MN,Fillmore,0.0,0.0
2016,MN,Freeborn,0.0,0.0
2016,MN,Goodhue,0.0,0.0
2016,MN,Grant,0.0,0.0
2016,MN,Hennepin,0.0,0.0
2016,MN,Houston,0.0,0.0
2016,MN,Hubbard,0.0,0.0
2016,MN,Isanti,0.0,0.0
2016,MN,Itasca,0.0,0.0
2016,MN,Jackson,0.0,0.0
2016,MN,Kanabec,0.0,0.0
2016,MN,Kandiyohi,0.0,0.0
2016,MN,Kittson,0.0,0.0
2016,MN,Koochiching,0.0,0.0
2016,MN,Lac Qui Parle,0.0,0.0
2016,MN,Lake,0.0,0.0
2016,MN,Lake of the Woods,0.0,0.0
2016,MN,Le Sueur,0.0,0.0
2016,MN,Lincoln,0.0,0.0
2016,MN,Lyon,0.0,0.0
2016,MN,McLeod,0.0,0.0
2016,MN,Mahnomen,0.0,0.0
2016,MN,Marshall,0.0,0.0
2016,MN,Martin,0.0,0.0
2016,MN,Meeker,0.0,0.0
2016,MN,Mille Lacs,0.0,0.0
2016,MN,Morrison,0.0,0.0
2016,MN,Mower,0.0,0.0
2016,MN,Murray,0.0,0.0
2016,MN,Nicollet,0.0,0.0
2016,MN,Nobles,0.0,0.0
2016,MN,Norman,0.0,0.0
2016,MN,Olmsted,0.0,0.0
2016,MN,Otter Tail,0.0,0.0
2016,MN,Pennington,0.0,0.0
2016,MN,Pine,0.0,0.0
2016,MN,Pipestone,0.0,0.0
2016,MN,Polk,0.0,0.0
2016,MN,Pope,0.0,0.0
2016,MN,Ramsey,0.0,0.0
2016,MN,Red Lake,0.0,0.0
2016,MN,Redwood,0.0,0.0
2016,MN,Renville,0.0,0.0
2016,MN,Rice,0.0,0.0
2016,MN,Rock,0.0,0.0
2016,MN,Roseau,0.0,0.0
2016,MN,Saint Louis,0.0,0.0
2016,MN,Scott,0.0,0.0
2016,MN,Sherburne,0.0,0.0
2016,MN,Sibley,0.0,0.0
2016,MN,Stearns,0.0,0.0
2016,MN,Steele,0.0,0.0
2016,MN,Stevens,0.0,0.0
2016,MN,Swift,0.0,0.0
2016,MN,Todd,0.0,0.0
2016,MN,Traverse,0.0,0.0
2016,MN,Wabasha,0.0,0.0
2016,MN,Wadena,0.0,0.0
2016,MN,Waseca,0.0,0.0
2016,MN,Washington,0.0,0.0
2016,MN,Watonwan,0.0,0.0
2016,MN,Wilkin,0.0,0.0
2016,MN,Winona,0.0,0.0
2016,MN,Wright,0.0,0.0
2016,MN,Yellow Medicine,0.0,0.0
2016,MS,Adams,0.0,0.0
2016,MS,Alcorn,0.0,0.0
2016,MS,Amite,0.0,0.0
2016,MS,Attala,0.0,0.0
2016,MS,Benton,0.0,0.0
2016,MS,Bolivar,0.0,0.0
2016,MS,Calhoun,0.0,0.0
2016,MS,Carroll,0.0,0.0
2016,MS,Chickasaw,0.0,0.0
2016,MS,Choctaw,0.0,0.0
2016,MS,Claiborne,0.0,0.0
2016,MS,Clarke,0.0,0.0
2016,MS,Clay,0.0,0.0
2016,MS,Coahoma,0.0,0.0
2016,MS,Copiah,0.0,0.0
2016,MS,Covington,0.0,0.0
2016,MS,DeSoto,0.0,0.0
2016,MS,Forrest,0.0,0.0
2016,MS,Franklin,0.0,0.0
2016,MS,George,0.0,0.0
2016,MS,Greene,0.0,0.0
2016,MS,Grenada,0.0,0.0
2016,MS,Hancock,0.0,0.0
2016,MS,Harrison,0.0,0.0
2016,MS,Hinds,0.0,0.0
2016,MS,Holmes,0.0,0.0
2016,MS,Humphreys,0.0,0.0
2016,MS,Issaquena,0.0,0.0
2016,MS,Itawamba,0.0,0.0
2016,MS,Jackson,0.0,0.0
2016,MS,Jasper,0.0,0.0
2016,MS,Jefferson,0.0,0.0
2016,MS,Jefferson Davis,0.0,0.0
2016,MS,Jones,0.0,0.0
2016,MS,Kemper,0.0,0.0
2016,MS,Lafayette,0.0,0.0
2016,MS,Lamar,0.0,0.0
2016,MS,Lauderdale,0.0,0.0
2016,MS,Lawrence,0.0,0.0
2016,MS,Leake,0.0,0.0
2016,MS,Lee,0.0,0.0
2016,MS,Leflore,0.0,0.0
2016,MS,Lincoln,0.0,0.0
2016,MS,Lowndes,0.0,0.0
2016,MS,Madison,0.0,0.0
2016,MS,Marion,0.0,0.0
2016,MS,Marshall,0.0,0.0
2016,MS,Monroe,0.0,0.0
2016,MS,Montgomery,0.0,0.0
2016,MS,Neshoba,0.0,0.0
2016,MS,Newton,0.0,0.0
2016,MS,Noxubee,0.0,0.0
2016,MS,Oktibbeha,0.0,0.0
2016,MS,Panola,0.0,0.0
2016,MS,Pearl River,0.0,0.0
2016,MS,Perry,0.0,0.0
2016,MS,Pike,0.0,0.0
2016,MS,Pontotoc,0.0,0.0
2016,MS,Prentiss,0.0,0.0
2016,MS,Quitman,0.0,0.0
2016,MS,Rankin,0.0,0.0
2016,MS,Scott,0.0,0.0
2016,MS,Sharkey,0.0,0.0
2016,MS,Simpson,0.0,0.0
2016,MS,Smith,0.0,0.0
2016,MS,Stone,0.0,0.0
2016,MS,Sunflower,0.0,0.0
2016,MS,Tallahatchie,0.0,0.0
2016,MS,Tate,0.0,0.0
2016,MS,Tippah,0.0,0.0
2016,MS,Tishomingo,0.0,0.0
2016,MS,Tunica,0.0,0.0
2016,MS,Union,0.0,0.0
2016,MS,Walthall,0.0,0.0
2016,MS,Warren,0.0,0.0
2016,MS,Washington,0.0,0.0
2016,MS,Wayne,0.0,0.0
2016,MS,Webster,0.0,0.0
2016,MS,Wilkinson,0.0,0.0
2016,MS,Winston,0.0,0.0
2016,MS,Yalobusha,0.0,0.0
2016,MS,Yazoo,0.0,0.0
2016,MO,Adair,0.0,0.0
2016,MO,Andrew,0.0,0.0
2016,MO,Atchison,0.0,0.0
2016,MO,Audrain,0.0,0.0
2016,MO,Barry,0.0,0.0
2016,MO,Barton,0.0,0.0
2016,MO,Bates,0.0,0.0
2016,MO,Benton,0.0,0.0
2016,MO,Bollinger,0.0,0.0
2016,MO,Boone,0.0,0.0
2016,MO,Buchanan,0.0,0.0
2016,MO,Butler,0.0,0.0
2016,MO,Caldwell,0.0,0.0
2016,MO,Callaway,0.0,0.0
2016,MO,Camden,0.0,0.0
2016,MO,Cape Girardeau,0.0,0.0
2016,MO,Carroll,0.0,0.0
2016,MO,Carter,0.0,0.0
2016,MO,Cass,0.0,0.0
2016,MO,Cedar,0.0,0.0
2016,MO,Chariton,0.0,0.0
2016,MO,Christian,0.0,0.0
2016,MO,Clark,0.0,0.0
2016,MO,Clay,0.0,0.0
2016,MO,Clinton,0.0,0.0
2016,MO,Cole,0.0,0.0
2016,MO,Cooper,0.0,0.0
2016,MO,Crawford,0.0,0.0
2016,MO,Dade,0.0,0.0
2016,MO,Dallas,0.0,0.0
2016,MO,Daviess,0.0,0.0
2016,MO,DeKalb,0.0,0.0
2016,MO,Dent,0.0,0.0
2016,MO,Douglas,0.0,0.0
2016,MO,Dunklin,0.0,0.0
2016,MO,Franklin,0.0,0.0
2016,MO,Gasconade,0.0,0.0
2016,MO,Gentry,0.0,0.0
2016,MO,Greene,0.0,0.0
2016,MO,Grundy,0.0,0.0
2016,MO,Harrison,0.0,0.0
2016,MO,Henry,0.0,0.0
2016,MO,Hickory,0.0,0.0
2016,MO,Holt,0.0,0.0
2016,MO,Howard,0.0,0.0
2016,MO,Howell,0.0,0.0
2016,MO,Iron,0.0,0.0
2016,MO,Jackson,0.0,0.0
2016,MO,Jasper,0.0,0.0
2016,MO,Jefferson,0.0,0.0
2016,MO,Johnson,0.0,0.0
2016,MO,Knox,0.0,0.0
2016,MO,Laclede,0.0,0.0
2016,MO,Lafayette,0.0,0.0
2016,MO,Lawrence,0.0,0.0
2016,MO,Lewis,0.0,0.0
2016,MO,Lincoln,0.0,0.0
2016,MO,Linn,0.0,0.0
2016,MO,Livingston,0.0,0.0
2016,MO,McDonald,0.0,0.0
2016,MO,Macon,0.0,0.0
2016,MO,Madison,0.0,0.0
2016,MO,Maries,0.0,0.0
2016,MO,Marion,0.0,0.0
2016,MO,Mercer,0.0,0.0
2016,MO,Miller,0.0,0.0
2016,MO,Mississippi,0.0,0.0
2016,MO,Moniteau,0.0,0.0
2016,MO,Monroe,0.0,0.0
2016,MO,Montgomery,0.0,0.0
2016,MO,Morgan,0.0,0.0
2016,MO,New Madrid,0.0,0.0
2016,MO,Newton,0.0,0.0
2016,MO,Nodaway,0.0,0.0
2016,MO,Oregon,0.0,0.0
2016,MO,Osage,0.0,0.0
2016,MO,Ozark,0.0,0.0
2016,MO,Pemiscot,0.0,0.0
2016,MO,Perry,0.0,0.0
2016,MO,Pettis,0.0,0.0
2016,MO,Phelps,0.0,0.0
2016,MO,Pike,0.0,0.0
2016,MO,Platte,0.0,0.0
2016,MO,Polk,0.0,0.0
2016,MO,Pulaski,0.0,0.0
2016,MO,Putnam,0.0,0.0
2016,MO,Ralls,0.0,0.0
2016,MO,Randolph,0.0,0.0
2016,MO,Ray,0.0,0.0
2016,MO,Reynolds,0.0,0.0
2016,MO,Ripley,0.0,0.0
2016,MO,St. Charles,0.0,0.0
2016,MO,St. Clair,0.0,0.0
2016,MO,Ste. Genevieve,0.0,0.0
2016,MO,St. Francois,0.0,0.0
2016,MO,St. Louis County,0.0,0.0
2016,MO,Saline,0.0,0.0
2016,MO,Schuyler,0.0,0.0
2016,MO,Scotland,0.0,0.0
2016,MO,Scott,0.0,0.0
2016,MO,Shannon,0.0,0.0
2016,MO,Shelby,0.0,0.0
2016,MO,Stoddard,0.0,0.0
2016,MO,Stone,0.0,0.0
2016,MO,Sullivan,0.0,0.0
2016,MO,Taney,0.0,0.0
2016,MO,Texas,0.0,0.0
2016,MO,Vernon,0.0,0.0
2016,MO,Warren,0.0,0.0
2016,MO,Washington,0.0,0.0
2016,MO,Wayne,0.0,0.0
2016,MO,Webster,0.0,0.0
2016,MO,Worth,0.0,0.0
2016,MO,Wright,0.0,0.0
2016,MO,St. Louis City,0.0,0.0
2016,MT,Beaverhead,0.0,0.0
2016,MT,Big Horn,0.0,0.0
2016,MT,Blaine,0.0,0.0
2016,MT,Broadwater,0.0,0.0
2016,MT,Carbon,0.0,0.0
2016,MT,Carter,0.0,0.0
2016,MT,Cascade,0.0,0.0
2016,MT,Chouteau,0.0,0.0
2016,MT,Custer,0.0,0.0
2016,MT,Daniels,0.0,0.0
2016,MT,Dawson,0.0,0.0
2016,MT,Deer Lodge,0.0,0.0
2016,MT,Fallon,0.0,0.0
2016,MT,Fergus,0.0,0.0
2016,MT,Flathead,0.0,0.0
2016,MT,Gallatin,0.0,0.0
2016,MT,Garfield,0.0,0.0
2016,MT,Glacier,0.0,0.0
2016,MT,Golden Valley,0.0,0.0
2016,MT,Granite,0.0,0.0
2016,MT,Hill,0.0,0.0
2016,MT,Jefferson,0.0,0.0
2016,MT,Judith Basin,0.0,0.0
2016,MT,Lake,0.0,0.0
2016,MT,Lewis and Clark,0.0,0.0
2016,MT,Liberty,0.0,0.0
2016,MT,Lincoln,0.0,0.0
2016,MT,McCone,0.0,0.0
2016,MT,Madison,0.0,0.0
2016,MT,Meagher,0.0,0.0
2016,MT,Mineral,0.0,0.0
2016,MT,Missoula,0.0,0.0
2016,MT,Musselshell,0.0,0.0
2016,MT,Park,0.0,0.0
2016,MT,Petroleum,0.0,0.0
2016,MT,Phillips,0.0,0.0
2016,MT,Pondera,0.0,0.0
2016,MT,Powder River,0.0,0.0
2016,MT,Powell,0.0,0.0
2016,MT,Prairie,0.0,0.0
2016,MT,Ravalli,0.0,0.0
2016,MT,Richland,0.0,0.0
2016,MT,Roosevelt,0.0,0.0
2016,MT,Rosebud,0.0,0.0
2016,MT,Sanders,0.0,0.0
2016,MT,Sheridan,0.0,0.0
2016,MT,Silver Bow,0.0,0.0
2016,MT,Stillwater,0.0,0.0
2016,MT,Sweet Grass,0.0,0.0
2016,MT,Teton,0.0,0.0
2016,MT,Toole,0.0,0.0
2016,MT,Treasure,0.0,0.0
2016,MT,Valley,0.0,0.0
2016,MT,Wheatland,0.0,0.0
2016,MT,Wibaux,0.0,0.0
2016,MT,Yellowstone,0.0,0.0
2016,NE,Adams,0.0,0.0
2016,NE,Antelope,0.0,0.0
2016,NE,Arthur,0.0,0.0
2016,NE,Banner,0.0,0.0
2016,NE,Blaine,0.0,0.0
2016,NE,Boone,0.0,0.0
2016,NE,Box Butte,0.0,0.0
2016,NE,Boyd,0.0,0.0
2016,NE,Brown,0.0,0.0
2016,NE,Buffalo,0.0,0.0
2016,NE,Burt,0.0,0.0
2016,NE,Butler,0.0,0.0
2016,NE,Cass,0.0,0.0
2016,NE,Cedar,0.0,0.0
2016,NE,Chase,0.0,0.0
2016,NE,Cherry,0.0,0.0
2016,NE,Cheyenne,0.0,0.0
2016,NE,Clay,0.0,0.0
2016,NE,Colfax,0.0,0.0
2016,NE,Cuming,0.0,0.0
2016,NE,Custer,0.0,0.0
2016,NE,Dakota,0.0,0.0
2016,NE,Dawes,0.0,0.0
2016,NE,Dawson,0.0,0.0
2016,NE,Deuel,0.0,0.0
2016,NE,Dixon,0.0,0.0
2016,NE,Dodge,0.0,0.0
2016,NE,Douglas,0.0,0.0
2016,NE,Dundy,0.0,0.0
2016,NE,Fillmore,0.0,0.0
2016,NE,Franklin,0.0,0.0
2016,NE,Frontier,0.0,0.0
2016,NE,Furnas,0.0,0.0
2016,NE,Gage,0.0,0.0
2016,NE,Garden,0.0,0.0
2016,NE,Garfield,0.0,0.0
2016,NE,Gosper,0.0,0.0
2016,NE,Grant,0.0,0.0
2016,NE,Greeley,0.0,0.0
2016,NE,Hall,0.0,0.0
2016,NE,Hamilton,0.0,0.0
2016,NE,Harlan,0.0,0.0
2016,NE,Hayes,0.0,0.0
2016,NE,Hitchcock,0.0,0.0
2016,NE,Holt,0.0,0.0
2016,NE,Hooker,0.0,0.0
2016,NE,Howard,0.0,0.0
2016,NE,Jefferson,0.0,0.0
2016,NE,Johnson,0.0,0.0
2016,NE,Kearney,0.0,0.0
2016,NE,Keith,0.0,0.0
2016,NE,Keya Paha,0.0,0.0
2016,NE,Kimball,0.0,0.0
2016,NE,Knox,0.0,0.0
2016,NE,Lancaster,0.0,0.0
2016,NE,Lincoln,0.0,0.0
2016,NE,Logan,0.0,0.0
2016,NE,Loup,0.0,0.0
2016,NE,McPherson,0.0,0.0
2016,NE,Madison,0.0,0.0
2016,NE,Merrick,0.0,0.0
2016,NE,Morrill,0.0,0.0
2016,NE,Nance,0.0,0.0
2016,NE,Nemaha,0.0,0.0
2016,NE,Nuckolls,0.0,0.0
2016,NE,Otoe,0.0,0.0
2016,NE,Pawnee,0.0,0.0
2016,NE,Perkins,0.0,0.0
2016,NE,Phelps,0.0,0.0
2016,NE,Pierce,0.0,0.0
2016,NE,Platte,0.0,0.0
2016,NE,Polk,0.0,0.0
2016,NE,Red Willow,0.0,0.0
2016,NE,Richardson,0.0,0.0
2016,NE,Rock,0.0,0.0
2016,NE,Saline,0.0,0.0
2016,NE,Sarpy,0.0,0.0
2016,NE,Saunders,0.0,0.0
2016,NE,Scotts Bluff,0.0,0.0
2016,NE,Seward,0.0,0.0
2016,NE,Sheridan,0.0,0.0
2016,NE,Sherman,0.0,0.0
2016,NE,Sioux,0.0,0.0
2016,NE,Stanton,0.0,0.0
2016,NE,Thayer,0.0,0.0
2016,NE,Thomas,0.0,0.0
2016,NE,Thurston,0.0,0.0
2016,NE,Valley,0.0,0.0
2016,NE,Washington,0.0,0.0
2016,NE,Wayne,0.0,0.0
2016,NE,Webster,0.0,0.0
2016,NE,Wheeler,0.0,0.0
2016,NE,York,0.0,0.0
2016,NV,Churchill,0.0,0.0
2016,NV,Clark,0.0,0.0
2016,NV,Douglas,0.0,0.0
2016,NV,Elko,0.0,0.0
2016,NV,Esmeralda,0.0,0.0
2016,NV,Eureka,0.0,0.0
2016,NV,Humboldt,0.0,0.0
2016,NV,Lander,0.0,0.0
2016,NV,Lincoln,0.0,0.0
2016,NV,Lyon,0.0,0.0
2016,NV,Mineral,0.0,0.0
2016,NV,Nye,0.0,0.0
2016,NV,Pershing,0.0,0.0
2016,NV,Storey,0.0,0.0
2016,NV,Washoe,0.0,0.0
2016,NV,White Pine,0.0,0.0
2016,NV,Carson City,0.0,0.0
2016,NH,Belknap,0.0,0.0
2016,NH,Carroll,0.0,0.0
2016,NH,Cheshire,0.0,0.0
2016,NH,Coos,0.0,0.0
2016,NH,Grafton,0.0,0.0
2016,NH,Hillsborough,0.0,0.0
2016,NH,Merrimack,0.0,0.0
2016,NH,Rockingham,0.0,0.0
2016,NH,Strafford,0.0,0.0
2016,NH,Sullivan,0.0,0.0
2016,NJ,Atlantic,0.0,0.0
2016,NJ,Bergen,0.0,0.0
2016,NJ,Burlington,0.0,0.0
2016,NJ,Camden,0.0,0.0
2016,NJ,Cape May,0.0,0.0
2016,NJ,Cumberland,0.0,0.0
2016,NJ,Essex,0.0,0.0
2016,NJ,Gloucester,0.0,0.0
2016,NJ,Hudson,0.0,0.0
2016,NJ,Hunterdon,0.0,0.0
2016,NJ,Mercer,0.0,0.0
2016,NJ,Middlesex,0.0,0.0
2016,NJ,Monmouth,0.0,0.0
2016,NJ,Morris,0.0,0.0
2016,NJ,Ocean,0.0,0.0
2016,NJ,Passaic,0.0,0.0
2016,NJ,Salem,0.0,0.0
2016,NJ,Somerset,0.0,0.0
2016,NJ,Sussex,0.0,0.0
2016,NJ,Union,0.0,0.0
2016,NJ,Warren,0.0,0.0
2016,NM,Bernalillo,0.0,0.0
2016,NM,Catron,0.0,0.0
2016,NM,Chaves,0.0,0.0
2016,NM,Cibola,0.0,0.0
2016,NM,Colfax,0.0,0.0
2016,NM,Curry,0.0,0.0
2016,NM,De Baca,0.0,0.0
2016,NM,Dona Ana,0.0,0.0
2016,NM,Eddy,0.0,0.0
2016,NM,Grant,0.0,0.0
2016,NM,Guadalupe,0.0,0.0
2016,NM,Harding,0.0,0.0
2016,NM,Hidalgo,0.0,0.0
2016,NM,Lea,0.0,0.0
2016,NM,Lincoln,0.0,0.0
2016,NM,Los Alamos,0.0,0.0
2016,NM,Luna,0.0,0.0
2016,NM,McKinley,0.0,0.0
2016,NM,Mora,0.0,0.0
2016,NM,Otero,0.0,0.0
2016,NM,Quay,0.0,0.0
2016,NM,Rio Arriba,0.0,0.0
2016,NM,Roosevelt,0.0,0.0
2016,NM,Sandoval,0.0,0.0
2016,NM,San Juan,0.0,0.0
2016,NM,San Miguel,0.0,0.0
2016,NM,Santa Fe,0.0,0.0
2016,NM,Sierra,0.0,0.0
2016,NM,Socorro,0.0,0.0
2016,NM,Taos,0.0,0.0
2016,NM,Torrance,0.0,0.0
2016,NM,Union,0.0,0.0
2016,NM,Valencia,0.0,0.0
2016,MO,Kansas City,0.0,0.0
2016,NY,Albany,0.0,0.0
2016,NY,Allegany,0.0,0.0
2016,NY,Bronx,0.0,0.0
2016,NY,Broome,0.0,0.0
2016,NY,Cattaraugus,0.0,0.0
2016,NY,Cayuga,0.0,0.0
2016,NY,Chautauqua,0.0,0.0
2016,NY,Chemung,0.0,0.0
2016,NY,Chenango,0.0,0.0
2016,NY,Clinton,0.0,0.0
2016,NY,Columbia,0.0,0.0
2016,NY,Cortland,0.0,0.0
2016,NY,Delaware,0.0,0.0
2016,NY,Dutchess,0.0,0.0
2016,NY,Erie,0.0,0.0
2016,NY,Essex,0.0,0.0
2016,NY,Franklin,0.0,0.0
2016,NY,Fulton,0.0,0.0
2016,NY,Genesee,0.0,0.0
2016,NY,Greene,0.0,0.0
2016,NY,Hamilton,0.0,0.0
2016,NY,Herkimer,0.0,0.0
2016,NY,Jefferson,0.0,0.0
2016,NY,Kings,0.0,0.0
2016,NY,Lewis,0.0,0.0
2016,NY,Livingston,0.0,0.0
2016,NY,Madison,0.0,0.0
2016,NY,Monroe,0.0,0.0
2016,NY,Montgomery,0.0,0.0
2016,NY,Nassau,0.0,0.0
2016,NY,New York,0.0,0.0
2016,NY,Niagara,0.0,0.0
2016,NY,Oneida,0.0,0.0
2016,NY,Onondaga,0.0,0.0
2016,NY,Ontario,0.0,0.0
2016,NY,Orange,0.0,0.0
2016,NY,Orleans,0.0,0.0
2016,NY,Oswego,0.0,0.0
2016,NY,Otsego,0.0,0.0
2016,NY,Putnam,0.0,0.0
2016,NY,Queens,0.0,0.0
2016,NY,Rensselaer,0.0,0.0
2016,NY,Richmond,0.0,0.0
2016,NY,Rockland,0.0,0.0
2016,NY,St. Lawrence,0.0,0.0
2016,NY,Saratoga,0.0,0.0
2016,NY,Schenectady,0.0,0.0
2016,NY,Schoharie,0.0,0.0
2016,NY,Schuyler,0.0,0.0
2016,NY,Seneca,0.0,0.0
2016,NY,Steuben,0.0,0.0
2016,NY,Suffolk,0.0,0.0
2016,NY,Sullivan,0.0,0.0
2016,NY,Tioga,0.0,0.0
2016,NY,Tompkins,0.0,0.0
2016,NY,Ulster,0.0,0.0
2016,NY,Warren,0.0,0.0
2016,NY,Washington,0.0,0.0
2016,NY,Wayne,0.0,0.0
2016,NY,Westchester,0.0,0.0
2016,NY,Wyoming,0.0,0.0
2016,NY,Yates,0.0,0.0
2016,NC,Alamance,0.0,0.0
2016,NC,Alexander,0.0,0.0
2016,NC,Alleghany,0.0,0.0
2016,NC,Anson,0.0,0.0
2016,NC,Ashe,0.0,0.0
2016,NC,Avery,0.0,0.0
2016,NC,Beaufort,0.0,0.0
2016,NC,Bertie,0.0,0.0
2016,NC,Bladen,0.0,0.0
2016,NC,Brunswick,0.0,0.0
2016,NC,Buncombe,0.0,0.0
2016,NC,Burke,0.0,0.0
2016,NC,Cabarrus,0.0,0.0
2016,NC,Caldwell,0.0,0.0
2016,NC,Camden,0.0,0.0
2016,NC,Carteret,0.0,0.0
2016,NC,Caswell,0.0,0.0
2016,NC,Catawba,0.0,0.0
2016,NC,Chatham,0.0,0.0
2016,NC,Cherokee,0.0,0.0
2016,NC,Chowan,0.0,0.0
2016,NC,Clay,0.0,0.0
2016,NC,Cleveland,0.0,0.0
2016,NC,Columbus,0.0,0.0
2016,NC,Craven,0.0,0.0
2016,NC,Cumberland,0.0,0.0
2016,NC,Currituck,0.0,0.0
2016,NC,Dare,0.0,0.0
2016,NC,Davidson,0.0,0.0
2016,NC,Davie,0.0,0.0
2016,NC,Duplin,0.0,0.0
2016,NC,Durham,0.0,0.0
2016,NC,Edgecombe,0.0,0.0
2016,NC,Forsyth,0.0,0.0
2016,NC,Franklin,0.0,0.0
2016,NC,Gaston,0.0,0.0
2016,NC,Gates,0.0,0.0
2016,NC,Graham,0.0,0.0
2016,NC,Granville,0.0,0.0
2016,NC,Greene,0.0,0.0
2016,NC,Guilford,0.0,0.0
2016,NC,Halifax,0.0,0.0
2016,NC,Harnett,0.0,0.0
2016,NC,Haywood,0.0,0.0
2016,NC,Henderson,0.0,0.0
2016,NC,Hertford,0.0,0.0
2016,NC,Hoke,0.0,0.0
2016,NC,Hyde,0.0,0.0
2016,NC,Iredell,0.0,0.0
2016,NC,Jackson,0.0,0.0
2016,NC,Johnston,0.0,0.0
2016,NC,Jones,0.0,0.0
2016,NC,Lee,0.0,0.0
2016,NC,Lenoir,0.0,0.0
2016,NC,Lincoln,0.0,0.0
2016,NC,McDowell,0.0,0.0
2016,NC,Macon,0.0,0.0
2016,NC,Madison,0.0,0.0
2016,NC,Martin,0.0,0.0
2016,NC,Mecklenburg,0.0,0.0
2016,NC,Mitchell,0.0,0.0
2016,NC,Montgomery,0.0,0.0
2016,NC,Moore,0.0,0.0
2016,NC,Nash,0.0,0.0
2016,NC,New Hanover,0.0,0.0
2016,NC,Northampton,0.0,0.0
2016,NC,Onslow,0.0,0.0
2016,NC,Orange,0.0,0.0
2016,NC,Pamlico,0.0,0.0
2016,NC,Pasquotank,0.0,0.0
2016,NC,Pender,0.0,0.0
2016,NC,Perquimans,0.0,0.0
2016,NC,Person,0.0,0.0
2016,NC,Pitt,0.0,0.0
2016,NC,Polk,0.0,0.0
2016,NC,Randolph,0.0,0.0
2016,NC,Richmond,0.0,0.0
2016,NC,Robeson,0.0,0.0
2016,NC,Rockingham,0.0,0.0
2016,NC,Rowan,0.0,0.0
2016,NC,Rutherford,0.0,0.0
2016,NC,Sampson,0.0,0.0
2016,NC,Scotland,0.0,0.0
2016,NC,Stanly,0.0,0.0
2016,NC,Stokes,0.0,0.0
2016,NC,Surry,0.0,0.0
2016,NC,Swain,0.0,0.0
2016,NC,Transylvania,0.0,0.0
2016,NC,Tyrrell,0.0,0.0
2016,NC,Union,0.0,0.0
2016,NC,Vance,0.0,0.0
2016,NC,Wake,0.0,0.0
2016,NC,Warren,0.0,0.0
2016,NC,Washington,0.0,0.0
2016,NC,Watauga,0.0,0.0
2016,NC,Wayne,0.0,0.0
2016,NC,Wilkes,0.0,0.0
2016,NC,Wilson,0.0,0.0
2016,NC,Yadkin,0.0,0.0
2016,NC,Yancey,0.0,0.0
2016,ND,Adams,0.0,0.0
2016,ND,Barnes,0.0,0.0
2016,ND,Benson,0.0,0.0
2016,ND,Billings,0.0,0.0
2016,ND,Bottineau,0.0,0.0
2016,ND,Bowman,0.0,0.0
2016,ND,Burke,0.0,0.0
2016,ND,Burleigh,0.0,0.0
2016,ND,Cass,0.0,0.0
2016,ND,Cavalier,0.0,0.0
2016,ND,Dickey,0.0,0.0
2016,ND,Divide,0.0,0.0
2016,ND,Dunn,0.0,0.0
2016,ND,Eddy,0.0,0.0
2016,ND,Emmons,0.0,0.0
2016,ND,Foster,0.0,0.0
2016,ND,Golden Valley,0.0,0.0
2016,ND,Grand Forks,0.0,0.0
2016,ND,Grant,0.0,0.0
2016,ND,Griggs,0.0,0.0
2016,ND,Hettinger,0.0,0.0
2016,ND,Kidder,0.0,0.0
2016,ND,LaMoure,0.0,0.0
2016,ND,Logan,0.0,0.0
2016,ND,McHenry,0.0,0.0
2016,ND,McIntosh,0.0,0.0
2016,ND,McKenzie,0.0,0.0
2016,ND,McLean,0.0,0.0
2016,ND,Mercer,0.0,0.0
2016,ND,Morton,0.0,0.0
2016,ND,Mountrail,0.0,0.0
2016,ND,Nelson,0.0,0.0
2016,ND,Oliver,0.0,0.0
2016,ND,Pembina,0.0,0.0
2016,ND,Pierce,0.0,0.0
2016,ND,Ramsey,0.0,0.0
2016,ND,Ransom,0.0,0.0
2016,ND,Renville,0.0,0.0
2016,ND,Richland,0.0,0.0
2016,ND,Rolette,0.0,0.0
2016,ND,Sargent,0.0,0.0
2016,ND,Sheridan,0.0,0.0
2016,ND,Sioux,0.0,0.0
2016,ND,Slope,0.0,0.0
2016,ND,Stark,0.0,0.0
2016,ND,Steele,0.0,0.0
2016,ND,Stutsman,0.0,0.0
2016,ND,Towner,0.0,0.0
2016,ND,Traill,0.0,0.0
2016,ND,Walsh,0.0,0.0
2016,ND,Ward,0.0,0.0
2016,ND,Wells,0.0,0.0
2016,ND,Williams,0.0,0.0
2016,OH,Adams,0.0,0.0
2016,OH,Allen,0.0,0.0
2016,OH,Ashland,0.0,0.0
2016,OH,Ashtabula,0.0,0.0
2016,OH,Athens,0.0,0.0
2016,OH,Auglaize,0.0,0.0
2016,OH,Belmont,0.0,0.0
2016,OH,Brown,0.0,0.0
2016,OH,Butler,0.0,0.0
2016,OH,Carroll,0.0,0.0
2016,OH,Champaign,0.0,0.0
2016,OH,Clark,0.0,0.0
2016,OH,Clermont,0.0,0.0
2016,OH,Clinton,0.0,0.0
2016,OH,Columbiana,0.0,0.0
2016,OH,Coshocton,0.0,0.0
2016,OH,Crawford,0.0,0.0
2016,OH,Cuyahoga,0.0,0.0
2016,OH,Darke,0.0,0.0
2016,OH,Defiance,0.0,0.0
2016,OH,Delaware,0.0,0.0
2016,OH,Erie,0.0,0.0
2016,OH,Fairfield,0.0,0.0
2016,OH,Fayette,0.0,0.0
2016,OH,Franklin,0.0,0.0
2016,OH,Fulton,0.0,0.0
2016,OH,Gallia,0.0,0.0
2016,OH,Geauga,0.0,0.0
2016,OH,Greene,0.0,0.0
2016,OH,Guernsey,0.0,0.0
2016,OH,Hamilton,0.0,0.0
2016,OH,Hancock,0.0,0.0
2016,OH,Hardin,0.0,0.0
2016,OH,Harrison,0.0,0.0
2016,OH,Henry,0.0,0.0
2016,OH,Highland,0.0,0.0
2016,OH,Hocking,0.0,0.0
2016,OH,Holmes,0.0,0.0
2016,OH,Huron,0.0,0.0
2016,OH,Jackson,0.0,0.0
2016,OH,Jefferson,0.0,0.0
2016,OH,Knox,0.0,0.0
2016,OH,Lake,0.0,0.0
2016,OH,Lawrence,0.0,0.0
2016,OH,Licking,0.0,0.0
2016,OH,Logan,0.0,0.0
2016,OH,Lorain,0.0,0.0
2016,OH,Lucas,0.0,0.0
2016,OH,Madison,0.0,0.0
2016,OH,Mahoning,0.0,0.0
2016,OH,Marion,0.0,0.0
2016,OH,Medina,0.0,0.0
2016,OH,Meigs,0.0,0.0
2016,OH,Mercer,0.0,0.0
2016,OH,Miami,0.0,0.0
2016,OH,Monroe,0.0,0.0
2016,OH,Montgomery,0.0,0.0
2016,OH,Morgan,0.0,0.0
2016,OH,Morrow,0.0,0.0
2016,OH,Muskingum,0.0,0.0
2016,OH,Noble,0.0,0.0
2016,OH,Ottawa,0.0,0.0
2016,OH,Paulding,0.0,0.0
2016,OH,Perry,0.0,0.0
2016,OH,Pickaway,0.0,0.0
2016,OH,Pike,0.0,0.0
2016,OH,Portage,0.0,0.0
2016,OH,Preble,0.0,0.0
2016,OH,Putnam,0.0,0.0
2016,OH,Richland,0.0,0.0
2016,OH,Ross,0.0,0.0
2016,OH,Sandusky,0.0,0.0
2016,OH,Scioto,0.0,0.0
2016,OH,Seneca,0.0,0.0
2016,OH,Shelby,0.0,0.0
2016,OH,Stark,0.0,0.0
2016,OH,Summit,0.0,0.0
2016,OH,Trumbull,0.0,0.0
2016,OH,Tuscarawas,0.0,0.0
2016,OH,Union,0.0,0.0
2016,OH,Van Wert,0.0,0.0
2016,OH,Vinton,0.0,0.0
2016,OH,Warren,0.0,0.0
2016,OH,Washington,0.0,0.0
2016,OH,Wayne,0.0,0.0
2016,OH,Williams,0.0,0.0
2016,OH,Wood,0.0,0.0
2016,OH,Wyandot,0.0,0.0
2016,OK,Adair,0.0,0.0
2016,OK,Alfalfa,0.0,0.0
2016,OK,Atoka,0.0,0.0
2016,OK,Beaver,0.0,0.0
2016,OK,Beckham,0.0,0.0
2016,OK,Blaine,0.0,0.0
2016,OK,Bryan,0.0,0.0
2016,OK,Caddo,0.0,0.0
2016,OK,Canadian,0.0,0.0
2016,OK,Carter,0.0,0.0
2016,OK,Cherokee,0.0,0.0
2016,OK,Choctaw,0.0,0.0
2016,OK,Cimarron,0.0,0.0
2016,OK,Cleveland,0.0,0.0
2016,OK,Coal,0.0,0.0
2016,OK,Comanche,0.0,0.0
2016,OK,Cotton,0.0,0.0
2016,OK,Craig,0.0,0.0
2016,OK,Creek,0.0,0.0
2016,OK,Custer,0.0,0.0
2016,OK,Delaware,0.0,0.0
2016,OK,Dewey,0.0,0.0
2016,OK,Ellis,0.0,0.0
2016,OK,Garfield,0.0,0.0
2016,OK,Garvin,0.0,0.0
2016,OK,Grady,0.0,0.0
2016,OK,Grant,0.0,0.0
2016,OK,Greer,0.0,0.0
2016,OK,Harmon,0.0,0.0
2016,OK,Harper,0.0,0.0
2016,OK,Haskell,0.0,0.0
2016,OK,Hughes,0.0,0.0
2016,OK,Jackson,0.0,0.0
2016,OK,Jefferson,0.0,0.0
2016,OK,Johnston,0.0,0.0
2016,OK,Kay,0.0,0.0
2016,OK,Kingfisher,0.0,0.0
2016,OK,Kiowa,0.0,0.0
2016,OK,Latimer,0.0,0.0
2016,OK,Le Flore,0.0,0.0
2016,OK,Lincoln,0.0,0.0
2016,OK,Logan,0.0,0.0
2016,OK,Love,0.0,0.0
2016,OK,McClain,0.0,0.0
2016,OK,McCurtain,0.0,0.0
2016,OK,McIntosh,0.0,0.0
2016,OK,Major,0.0,0.0
2016,OK,Marshall,0.0,0.0
2016,OK,Mayes,0.0,0.0
2016,OK,Murray,0.0,0.0
2016,OK,Muskogee,0.0,0.0
2016,OK,Noble,0.0,0.0
2016,OK,Nowata,0.0,0.0
2016,OK,Okfuskee,0.0,0.0
2016,OK,Oklahoma,0.0,0.0
2016,OK,Okmulgee,0.0,0.0
2016,OK,Osage,0.0,0.0
2016,OK,Ottawa,0.0,0.0
2016,OK,Pawnee,0.0,0.0
2016,OK,Payne,0.0,0.0
2016,OK,Pittsburg,0.0,0.0
2016,OK,Pontotoc,0.0,0.0
2016,OK,Pottawatomie,0.0,0.0
2016,OK,Pushmataha,0.0,0.0
2016,OK,Roger Mills,0.0,0.0
2016,OK,Rogers,0.0,0.0
2016,OK,Seminole,0.0,0.0
2016,OK,Sequoyah,0.0,0.0
2016,OK,Stephens,0.0,0.0
2016,OK,Texas,0.0,0.0
2016,OK,Tillman,0.0,0.0
2016,OK,Tulsa,0.0,0.0
2016,OK,Wagoner,0.0,0.0
2016,OK,Washington,0.0,0.0
2016,OK,Washita,0.0,0.0
2016,OK,Woods,0.0,0.0
2016,OK,Woodward,0.0,0.0
2016,OR,Baker,0.0,0.0
2016,OR,Benton,0.0,0.0
2016,OR,Clackamas,0.0,0.0
2016,OR,Clatsop,0.0,0.0
2016,OR,Columbia,0.0,0.0
2016,OR,Coos,0.0,0.0
2016,OR,Crook,0.0,0.0
2016,OR,Curry,0.0,0.0
2016,OR,Deschutes,0.0,0.0
2016,OR,Douglas,0.0,0.0
2016,OR,Gilliam,0.0,0.0
2016,OR,Grant,0.0,0.0
2016,OR,Harney,0.0,0.0
2016,OR,Hood River,0.0,0.0
2016,OR,Jackson,0.0,0.0
2016,OR,Jefferson,0.0,0.0
2016,OR,Josephine,0.0,0.0
2016,OR,Klamath,0.0,0.0
2016,OR,Lake,0.0,0.0
2016,OR,Lane,0.0,0.0
2016,OR,Lincoln,0.0,0.0
2016,OR,Linn,0.0,0.0
2016,OR,Malheur,0.0,0.0
2016,OR,Marion,0.0,0.0
2016,OR,Morrow,0.0,0.0
2016,OR,Multnomah,0.0,0.0
2016,OR,Polk,0.0,0.0
2016,OR,Sherman,0.0,0.0
2016,OR,Tillamook,0.0,0.0
2016,OR,Umatilla,0.0,0.0
2016,OR,Union,0.0,0.0
2016,OR,Wallowa,0.0,0.0
2016,OR,Wasco,0.0,0.0
2016,OR,Washington,0.0,0.0
2016,OR,Wheeler,0.0,0.0
2016,OR,Yamhill,0.0,0.0
2016,PA,Adams,0.0,0.0
2016,PA,Allegheny,0.0,0.0
2016,PA,Armstrong,0.0,0.0
2016,PA,Beaver,0.0,0.0
2016,PA,Bedford,0.0,0.0
2016,PA,Berks,0.0,0.0
2016,PA,Blair,0.0,0.0
2016,PA,Bradford,0.0,0.0
2016,PA,Bucks,0.0,0.0
2016,PA,Butler,0.0,0.0
2016,PA,Cambria,0.0,0.0
2016,PA,Cameron,0.0,0.0
2016,PA,Carbon,0.0,0.0
2016,PA,Centre,0.0,0.0
2016,PA,Chester,0.0,0.0
2016,PA,Clarion,0.0,0.0
2016,PA,Clearfield,0.0,0.0
2016,PA,Clinton,0.0,0.0
2016,PA,Columbia,0.0,0.0
2016,PA,Crawford,0.0,0.0
2016,PA,Cumberland,0.0,0.0
2016,PA,Dauphin,0.0,0.0
2016,PA,Delaware,0.0,0.0
2016,PA,Elk,0.0,0.0
2016,PA,Erie,0.0,0.0
2016,PA,Fayette,0.0,0.0
2016,PA,Forest,0.0,0.0
2016,PA,Franklin,0.0,0.0
2016,PA,Fulton,0.0,0.0
2016,PA,Greene,0.0,0.0
2016,PA,Huntingdon,0.0,0.0
2016,PA,Indiana,0.0,0.0
2016,PA,Jefferson,0.0,0.0
2016,PA,Juniata,0.0,0.0
2016,PA,Lackawanna,0.0,0.0
2016,PA,Lancaster,0.0,0.0
2016,PA,Lawrence,0.0,0.0
2016,PA,Lebanon,0.0,0.0
2016,PA,Lehigh,0.0,0.0
2016,PA,Luzerne,0.0,0.0
2016,PA,Lycoming,0.0,0.0
2016,PA,McKean,0.0,0.0
2016,PA,Mercer,0.0,0.0
2016,PA,Mifflin,0.0,0.0
2016,PA,Monroe,0.0,0.0
2016,PA,Montgomery,0.0,0.0
2016,PA,Montour,0.0,0.0
2016,PA,Northampton,0.0,0.0
2016,PA,Northumberland,0.0,0.0
2016,PA,Perry,0.0,0.0
2016,PA,Philadelphia,0.0,0.0
2016,PA,Pike,0.0,0.0
2016,PA,Potter,0.0,0.0
2016,PA,Schuylkill,0.0,0.0
2016,PA,Snyder,0.0,0.0
2016,PA,Somerset,0.0,0.0
2016,PA,Sullivan,0.0,0.0
2016,PA,Susquehanna,0.0,0.0
2016,PA,Tioga,0.0,0.0
2016,PA,Union,0.0,0.0
2016,PA,Venango,0.0,0.0
2016,PA,Warren,0.0,0.0
2016,PA,Washington,0.0,0.0
2016,PA,Wayne,0.0,0.0
2016,PA,Westmoreland,0.0,0.0
2016,PA,Wyoming,0.0,0.0
2016,PA,York,0.0,0.0
2016,RI,Bristol,0.0,0.0
2016,RI,Kent,0.0,0.0
2016,RI,Newport,0.0,0.0
2016,RI,Providence,0.0,0.0
2016,RI,Washington,0.0,0.0
2016,SC,Abbeville,0.0,0.0
2016,SC,Aiken,0.0,0.0
2016,SC,Allendale,0.0,0.0
2016,SC,Anderson,0.0,0.0
2016,SC,Bamberg,0.0,0.0
2016,SC,Barnwell,0.0,0.0
2016,SC,Beaufort,0.0,0.0
2016,SC,Berkeley,0.0,0.0
2016,SC,Calhoun,0.0,0.0
2016,SC,Charleston,0.0,0.0
2016,SC,Cherokee,0.0,0.0
2016,SC,Chester,0.0,0.0
2016,SC,Chesterfield,0.0,0.0
2016,SC,Clarendon,0.0,0.0
2016,SC,Colleton,0.0,0.0
2016,SC,Darlington,0.0,0.0
2016,SC,Dillon,0.0,0.0
2016,SC,Dorchester,0.0,0.0
2016,SC,Edgefield,0.0,0.0
2016,SC,Fairfield,0.0,0.0
2016,SC,Florence,0.0,0.0
2016,SC,Georgetown,0.0,0.0
2016,SC,Greenville,0.0,0.0
2016,SC,Greenwood,0.0,0.0
2016,SC,Hampton,0.0,0.0
2016,SC,Horry,0.0,0.0
2016,SC,Jasper,0.0,0.0
2016,SC,Kershaw,0.0,0.0
2016,SC,Lancaster,0.0,0.0
2016,SC,Laurens,0.0,0.0
2016,SC,Lee,0.0,0.0
2016,SC,Lexington,0.0,0.0
2016,SC,McCormick,0.0,0.0
2016,SC,Marion,0.0,0.0
2016,SC,Marlboro,0.0,0.0
2016,SC,Newberry,0.0,0.0
2016,SC,Oconee,0.0,0.0
2016,SC,Orangeburg,0.0,0.0
2016,SC,Pickens,0.0,0.0
2016,SC,Richland,0.0,0.0
2016,SC,Saluda,0.0,0.0
2016,SC,Spartanburg,0.0,0.0
2016,SC,Sumter,0.0,0.0
2016,SC,Union,0.0,0.0
2016,SC,Williamsburg,0.0,0.0
2016,SC,York,0.0,0.0
2016,SD,Aurora,0.0,0.0
2016,SD,Beadle,0.0,0.0
2016,SD,Bennett,0.0,0.0
2016,SD,Bon Homme,0.0,0.0
2016,SD,Brookings,0.0,0.0
2016,SD,Brown,0.0,0.0
2016,SD,Brule,0.0,0.0
2016,SD,Buffalo,0.0,0.0
2016,SD,Butte,0.0,0.0
2016,SD,Campbell,0.0,0.0
2016,SD,Charles Mix,0.0,0.0
2016,SD,Clark,0.0,0.0
2016,SD,Clay,0.0,0.0
2016,SD,Codington,0.0,0.0
2016,SD,Corson,0.0,0.0
2016,SD,Custer,0.0,0.0
2016,SD,Davison,0.0,0.0
2016,SD,Day,0.0,0.0
2016,SD,Deuel,0.0,0.0
2016,SD,Dewey,0.0,0.0
2016,SD,Douglas,0.0,0.0
2016,SD,Edmunds,0.0,0.0
2016,SD,Fall River,0.0,0.0
2016,SD,Faulk,0.0,0.0
2016,SD,Grant,0.0,0.0
2016,SD,Gregory,0.0,0.0
2016,SD,Haakon,0.0,0.0
2016,SD,Hamlin,0.0,0.0
2016,SD,Hand,0.0,0.0
2016,SD,Hanson,0.0,0.0
2016,SD,Harding,0.0,0.0
2016,SD,Hughes,0.0,0.0
2016,SD,Hutchinson,0.0,0.0
2016,SD,Hyde,0.0,0.0
2016,SD,Jackson,0.0,0.0
2016,SD,Jerauld,0.0,0.0
2016,SD,Jones,0.0,0.0
2016,SD,Kingsbury,0.0,0.0
2016,SD,Lake,0.0,0.0
2016,SD,Lawrence,0.0,0.0
2016,SD,Lincoln,0.0,0.0
2016,SD,Lyman,0.0,0.0
2016,SD,McCook,0.0,0.0
2016,SD,McPherson,0.0,0.0
2016,SD,Marshall,0.0,0.0
2016,SD,Meade,0.0,0.0
2016,SD,Mellette,0.0,0.0
2016,SD,Miner,0.0,0.0
2016,SD,Minnehaha,0.0,0.0
2016,SD,Moody,0.0,0.0
2016,SD,Pennington,0.0,0.0
2016,SD,Perkins,0.0,0.0
2016,SD,Potter,0.0,0.0
2016,SD,Roberts,0.0,0.0
2016,SD,Sanborn,0.0,0.0
2016,SD,Oglala Lakota,0.0,0.0
2016,SD,Spink,0.0,0.0
2016,SD,Stanley,0.0,0.0
2016,SD,Sully,0.0,0.0
2016,SD,Todd,0.0,0.0
2016,SD,Tripp,0.0,0.0
2016,SD,Turner,0.0,0.0
2016,SD,Union,0.0,0.0
2016,SD,Walworth,0.0,0.0
2016,SD,Yankton,0.0,0.0
2016,SD,Ziebach,0.0,0.0
2016,TN,Anderson,0.0,0.0
2016,TN,Bedford,0.0,0.0
2016,TN,Benton,0.0,0.0
2016,TN,Bledsoe,0.0,0.0
2016,TN,Blount,0.0,0.0
2016,TN,Bradley,0.0,0.0
2016,TN,Campbell,0.0,0.0
2016,TN,Cannon,0.0,0.0
2016,TN,Carroll,0.0,0.0
2016,TN,Carter,0.0,0.0
2016,TN,Cheatham,0.0,0.0
2016,TN,Chester,0.0,0.0
2016,TN,Claiborne,0.0,0.0
2016,TN,Clay,0.0,0.0
2016,TN,Cocke,0.0,0.0
2016,TN,Coffee,0.0,0.0
2016,TN,Crockett,0.0,0.0
2016,TN,Cumberland,0.0,0.0
2016,TN,Davidson,0.0,0.0
2016,TN,Decatur,0.0,0.0
2016,TN,DeKalb,0.0,0.0
2016,TN,Dickson,0.0,0.0
2016,TN,Dyer,0.0,0.0
2016,TN,Fayette,0.0,0.0
2016,TN,Fentress,0.0,0.0
2016,TN,Franklin,0.0,0.0
2016,TN,Gibson,0.0,0.0
2016,TN,Giles,0.0,0.0
2016,TN,Grainger,0.0,0.0
2016,TN,Greene,0.0,0.0
2016,TN,Grundy,0.0,0.0
2016,TN,Hamblen,0.0,0.0
2016,TN,Hamilton,0.0,0.0
2016,TN,Hancock,0.0,0.0
2016,TN,Hardeman,0.0,0.0
2016,TN,Hardin,0.0,0.0
2016,TN,Hawkins,0.0,0.0
2016,TN,Haywood,0.0,0.0
2016,TN,Henderson,0.0,0.0
2016,TN,Henry,0.0,0.0
2016,TN,Hickman,0.0,0.0
2016,TN,Houston,0.0,0.0
2016,TN,Humphreys,0.0,0.0
2016,TN,Jackson,0.0,0.0
2016,TN,Jefferson,0.0,0.0
2016,TN,Johnson,0.0,0.0
2016,TN,Knox,0.0,0.0
2016,TN,Lake,0.0,0.0
2016,TN,Lauderdale,0.0,0.0
2016,TN,Lawrence,0.0,0.0
2016,TN,Lewis,0.0,0.0
2016,TN,Lincoln,0.0,0.0
2016,TN,Loudon,0.0,0.0
2016,TN,McMinn,0.0,0.0
2016,TN,McNairy,0.0,0.0
2016,TN,Macon,0.0,0.0
2016,TN,Madison,0.0,0.0
2016,TN,Marion,0.0,0.0
2016,TN,Marshall,0.0,0.0
2016,TN,Maury,0.0,0.0
2016,TN,Meigs,0.0,0.0
2016,TN,Monroe,0.0,0.0
2016,TN,Montgomery,0.0,0.0
2016,TN,Moore,0.0,0.0
2016,TN,Morgan,0.0,0.0
2016,TN,Obion,0.0,0.0
2016,TN,Overton,0.0,0.0
2016,TN,Perry,0.0,0.0
2016,TN,Pickett,0.0,0.0
2016,TN,Polk,0.0,0.0
2016,TN,Putnam,0.0,0.0
2016,TN,Rhea,0.0,0.0
2016,TN,Roane,0.0,0.0
2016,TN,Robertson,0.0,0.0
2016,TN,Rutherford,0.0,0.0
2016,TN,Scott,0.0,0.0
2016,TN,Sequatchie,0.0,0.0
2016,TN,Sevier,0.0,0.0
2016,TN,Shelby,0.0,0.0
2016,TN,Smith,0.0,0.0
2016,TN,Stewart,0.0,0.0
2016,TN,Sullivan,0.0,0.0
2016,TN,Sumner,0.0,0.0
2016,TN,Tipton,0.0,0.0
2016,TN,Trousdale,0.0,0.0
2016,TN,Unicoi,0.0,0.0
2016,TN,Union,0.0,0.0
2016,TN,Van Buren,0.0,0.0
2016,TN,Warren,0.0,0.0
2016,TN,Washington,0.0,0.0
2016,TN,Wayne,0.0,0.0
2016,TN,Weakley,0.0,0.0
2016,TN,White,0.0,0.0
2016,TN,Williamson,0.0,0.0
2016,TN,Wilson,0.0,0.0
2016,TX,Anderson,0.0,0.0
2016,TX,Andrews,0.0,0.0
2016,TX,Angelina,0.0,0.0
2016,TX,Aransas,0.0,0.0
2016,TX,Archer,0.0,0.0
2016,TX,Armstrong,0.0,0.0
2016,TX,Atascosa,0.0,0.0
2016,TX,Austin,0.0,0.0
2016,TX,Bailey,0.0,0.0
2016,TX,Bandera,0.0,0.0
2016,TX,Bastrop,0.0,0.0
2016,TX,Baylor,0.0,0.0
2016,TX,Bee,0.0,0.0
2016,TX,Bell,0.0,0.0
2016,TX,Bexar,0.0,0.0
2016,TX,Blanco,0.0,0.0
2016,TX,Borden,0.0,0.0
2016,TX,Bosque,0.0,0.0
2016,TX,Bowie,0.0,0.0
2016,TX,Brazoria,0.0,0.0
2016,TX,Brazos,0.0,0.0
2016,TX,Brewster,0.0,0.0
2016,TX,Briscoe,0.0,0.0
2016,TX,Brooks,0.0,0.0
2016,TX,Brown,0.0,0.0
2016,TX,Burleson,0.0,0.0
2016,TX,Burnet,0.0,0.0
2016,TX,Caldwell,0.0,0.0
2016,TX,Calhoun,0.0,0.0
2016,TX,Callahan,0.0,0.0
2016,TX,Cameron,0.0,0.0
2016,TX,Camp,0.0,0.0
2016,TX,Carson,0.0,0.0
2016,TX,Cass,0.0,0.0
2016,TX,Castro,0.0,0.0
2016,TX,Chambers,0.0,0.0
2016,TX,Cherokee,0.0,0.0
2016,TX,Childress,0.0,0.0
2016,TX,Clay,0.0,0.0
2016,TX,Cochran,0.0,0.0
2016,TX,Coke,0.0,0.0
2016,TX,Coleman,0.0,0.0
2016,TX,Collin,0.0,0.0
2016,TX,Collingsworth,0.0,0.0
2016,TX,Colorado,0.0,0.0
2016,TX,Comal,0.0,0.0
2016,TX,Comanche,0.0,0.0
2016,TX,Concho,0.0,0.0
2016,TX,Cooke,0.0,0.0
2016,TX,Coryell,0.0,0.0
2016,TX,Cottle,0.0,0.0
2016,TX,Crane,0.0,0.0
2016,TX,Crockett,0.0,0.0
2016,TX,Crosby,0.0,0.0
2016,TX,Culberson,0.0,0.0
2016,TX,Dallam,0.0,0.0
2016,TX,Dallas,0.0,0.0
2016,TX,Dawson,0.0,0.0
2016,TX,Deaf Smith,0.0,0.0
2016,TX,Delta,0.0,0.0
2016,TX,Denton,0.0,0.0
2016,TX,Dewitt,0.0,0.0
2016,TX,Dickens,0.0,0.0
2016,TX,Dimmit,0.0,0.0
2016,TX,Donley,0.0,0.0
2016,TX,Duval,0.0,0.0
2016,TX,Eastland,0.0,0.0
2016,TX,Ector,0.0,0.0
2016,TX,Edwards,0.0,0.0
2016,TX,Ellis,0.0,0.0
2016,TX,El Paso,0.0,0.0
2016,TX,Erath,0.0,0.0
2016,TX,Falls,0.0,0.0
2016,TX,Fannin,0.0,0.0
2016,TX,Fayette,0.0,0.0
2016,TX,Fisher,0.0,0.0
2016,TX,Floyd,0.0,0.0
2016,TX,Foard,0.0,0.0
2016,TX,Fort Bend,0.0,0.0
2016,TX,Franklin,0.0,0.0
2016,TX,Freestone,0.0,0.0
2016,TX,Frio,0.0,0.0
2016,TX,Gaines,0.0,0.0
2016,TX,Galveston,0.0,0.0
2016,TX,Garza,0.0,0.0
2016,TX,Gillespie,0.0,0.0
2016,TX,Glasscock,0.0,0.0
2016,TX,Goliad,0.0,0.0
2016,TX,Gonzales,0.0,0.0
2016,TX,Gray,0.0,0.0
2016,TX,Grayson,0.0,0.0
2016,TX,Gregg,0.0,0.0
2016,TX,Grimes,0.0,0.0
2016,TX,Guadalupe,0.0,0.0
2016,TX,Hale,0.0,0.0
2016,TX,Hall,0.0,0.0
2016,TX,Hamilton,0.0,0.0
2016,TX,Hansford,0.0,0.0
2016,TX,Hardeman,0.0,0.0
2016,TX,Hardin,0.0,0.0
2016,TX,Harris,0.0,0.0
2016,TX,Harrison,0.0,0.0
2016,TX,Hartley,0.0,0.0
2016,TX,Haskell,0.0,0.0
2016,TX,Hays,0.0,0.0
2016,TX,Hemphill,0.0,0.0
2016,TX,Henderson,0.0,0.0
2016,TX,Hidalgo,0.0,0.0
2016,TX,Hill,0.0,0.0
2016,TX,Hockley,0.0,0.0
2016,TX,Hood,0.0,0.0
2016,TX,Hopkins,0.0,0.0
2016,TX,Houston,0.0,0.0
2016,TX,Howard,0.0,0.0
2016,TX,Hudspeth,0.0,0.0
2016,TX,Hunt,0.0,0.0
2016,TX,Hutchinson,0.0,0.0
2016,TX,Irion,0.0,0.0
2016,TX,Jack,0.0,0.0
2016,TX,Jackson,0.0,0.0
2016,TX,Jasper,0.0,0.0
2016,TX,Jeff Davis,0.0,0.0
2016,TX,Jefferson,0.0,0.0
2016,TX,Jim Hogg,0.0,0.0
2016,TX,Jim Wells,0.0,0.0
2016,TX,Johnson,0.0,0.0
2016,TX,Jones,0.0,0.0
2016,TX,Karnes,0.0,0.0
2016,TX,Kaufman,0.0,0.0
2016,TX,Kendall,0.0,0.0
2016,TX,Kenedy,0.0,0.0
2016,TX,Kent,0.0,0.0
2016,TX,Kerr,0.0,0.0
2016,TX,Kimble,0.0,0.0
2016,TX,King,0.0,0.0
2016,TX,Kinney,0.0,0.0
2016,TX,Kleberg,0.0,0.0
2016,TX,Knox,0.0,0.0
2016,TX,Lamar,0.0,0.0
2016,TX,Lamb,0.0,0.0
2016,TX,Lampasas,0.0,0.0
2016,TX,La Salle,0.0,0.0
2016,TX,Lavaca,0.0,0.0
2016,TX,Lee,0.0,0.0
2016,TX,Leon,0.0,0.0
2016,TX,Liberty,0.0,0.0
2016,TX,Limestone,0.0,0.0
2016,TX,Lipscomb,0.0,0.0
2016,TX,Live Oak,0.0,0.0
2016,TX,Llano,0.0,0.0
2016,TX,Loving,0.0,0.0
2016,TX,Lubbock,0.0,0.0
2016,TX,Lynn,0.0,0.0
2016,TX,McCulloch,0.0,0.0
2016,TX,McLennan,0.0,0.0
2016,TX,McMullen,0.0,0.0
2016,TX,Madison,0.0,0.0
2016,TX,Marion,0.0,0.0
2016,TX,Martin,0.0,0.0
2016,TX,Mason,0.0,0.0
2016,TX,Matagorda,0.0,0.0
2016,TX,Maverick,0.0,0.0
2016,TX,Medina,0.0,0.0
2016,TX,Menard,0.0,0.0
2016,TX,Midland,0.0,0.0
2016,TX,Milam,0.0,0.0
2016,TX,Mills,0.0,0.0
2016,TX,Mitchell,0.0,0.0
2016,TX,Montague,0.0,0.0
2016,TX,Montgomery,0.0,0.0
2016,TX,Moore,0.0,0.0
2016,TX,Morris,0.0,0.0
2016,TX,Motley,0.0,0.0
2016,TX,Nacogdoches,0.0,0.0
2016,TX,Navarro,0.0,0.0
2016,TX,Newton,0.0,0.0
2016,TX,Nolan,0.0,0.0
2016,TX,Nueces,0.0,0.0
2016,TX,Ochiltree,0.0,0.0
2016,TX,Oldham,0.0,0.0
2016,TX,Orange,0.0,0.0
2016,TX,Palo Pinto,0.0,0.0
2016,TX,Panola,0.0,0.0
2016,TX,Parker,0.0,0.0
2016,TX,Parmer,0.0,0.0
2016,TX,Pecos,0.0,0.0
2016,TX,Polk,0.0,0.0
2016,TX,Potter,0.0,0.0
2016,TX,Presidio,0.0,0.0
2016,TX,Rains,0.0,0.0
2016,TX,Randall,0.0,0.0
2016,TX,Reagan,0.0,0.0
2016,TX,Real,0.0,0.0
2016,TX,Red River,0.0,0.0
2016,TX,Reeves,0.0,0.0
2016,TX,Refugio,0.0,0.0
2016,TX,Roberts,0.0,0.0
2016,TX,Robertson,0.0,0.0
2016,TX,Rockwall,0.0,0.0
2016,TX,Runnels,0.0,0.0
2016,TX,Rusk,0.0,0.0
2016,TX,Sabine,0.0,0.0
2016,TX,San Augustine,0.0,0.0
2016,TX,San Jacinto,0.0,0.0
2016,TX,San Patricio,0.0,0.0
2016,TX,San Saba,0.0,0.0
2016,TX,Schleicher,0.0,0.0
2016,TX,Scurry,0.0,0.0
2016,TX,Shackelford,0.0,0.0
2016,TX,Shelby,0.0,0.0
2016,TX,Sherman,0.0,0.0
2016,TX,Smith,0.0,0.0
2016,TX,Somervell,0.0,0.0
2016,TX,Starr,0.0,0.0
2016,TX,Stephens,0.0,0.0
2016,TX,Sterling,0.0,0.0
2016,TX,Stonewall,0.0,0.0
2016,TX,Sutton,0.0,0.0
2016,TX,Swisher,0.0,0.0
2016,TX,Tarrant,0.0,0.0
2016,TX,Taylor,0.0,0.0
2016,TX,Terrell,0.0,0.0
2016,TX,Terry,0.0,0.0
2016,TX,Throckmorton,0.0,0.0
2016,TX,Titus,0.0,0.0
2016,TX,Tom Green,0.0,0.0
2016,TX,Travis,0.0,0.0
2016,TX,Trinity,0.0,0.0
2016,TX,Tyler,0.0,0.0
2016,TX,Upshur,0.0,0.0
2016,TX,Upton,0.0,0.0
2016,TX,Uvalde,0.0,0.0
2016,TX,Val Verde,0.0,0.0
2016,TX,Van Zandt,0.0,0.0
2016,TX,Victoria,0.0,0.0
2016,TX,Walker,0.0,0.0
2016,TX,Waller,0.0,0.0
2016,TX,Ward,0.0,0.0
2016,TX,Washington,0.0,0.0
2016,TX,Webb,0.0,0.0
2016,TX,Wharton,0.0,0.0
2016,TX,Wheeler,0.0,0.0
2016,TX,Wichita,0.0,0.0
2016,TX,Wilbarger,0.0,0.0
2016,TX,Willacy,0.0,0.0
2016,TX,Williamson,0.0,0.0
2016,TX,Wilson,0.0,0.0
2016,TX,Winkler,0.0,0.0
2016,TX,Wise,0.0,0.0
2016,TX,Wood,0.0,0.0
2016,TX,Yoakum,0.0,0.0
2016,TX,Young,0.0,0.0
2016,TX,Zapata,0.0,0.0
2016,TX,Zavala,0.0,0.0
2016,UT,Beaver,0.0,0.0
2016,UT,Box Elder,0.0,0.0
2016,UT,Cache,0.0,0.0
2016,UT,Carbon,0.0,0.0
2016,UT,Daggett,0.0,0.0
2016,UT,Davis,0.0,0.0
2016,UT,Duchesne,0.0,0.0
2016,UT,Emery,0.0,0.0
2016,UT,Garfield,0.0,0.0
2016,UT,Grand,0.0,0.0
2016,UT,Iron,0.0,0.0
2016,UT,Juab,0.0,0.0
2016,UT,Kane,0.0,0.0
2016,UT,Millard,0.0,0.0
2016,UT,Morgan,0.0,0.0
2016,UT,Piute,0.0,0.0
2016,UT,Rich,0.0,0.0
2016,UT,Salt Lake,0.0,0.0
2016,UT,San Juan,0.0,0.0
2016,UT,Sanpete,0.0,0.0
2016,UT,Sevier,0.0,0.0
2016,UT,Summit,0.0,0.0
2016,UT,Tooele,0.0,0.0
2016,UT,Uintah,0.0,0.0
2016,UT,Utah,0.0,0.0
2016,UT,Wasatch,0.0,0.0
2016,UT,Washington,0.0,0.0
2016,UT,Wayne,0.0,0.0
2016,UT,Weber,0.0,0.0
2016,VT,Addison,0.0,0.0
2016,VT,Bennington,0.0,0.0
2016,VT,Caledonia,0.0,0.0
2016,VT,Chittenden,0.0,0.0
2016,VT,Essex,0.0,0.0
2016,VT,Franklin,0.0,0.0
2016,VT,Grand Isle,0.0,0.0
2016,VT,Lamoille,0.0,0.0
2016,VT,Orange,0.0,0.0
2016,VT,Orleans,0.0,0.0
2016,VT,Rutland,0.0,0.0
2016,VT,Washington,0.0,0.0
2016,VT,Windham,0.0,0.0
2016,VT,Windsor,0.0,0.0
2016,VA,Accomack,0.0,0.0
2016,VA,Albemarle,0.0,0.0
2016,VA,Alleghany,0.0,0.0
2016,VA,Amelia,0.0,0.0
2016,VA,Amherst,0.0,0.0
2016,VA,Appomattox,0.0,0.0
2016,VA,Arlington,0.0,0.0
2016,VA,Augusta,0.0,0.0
2016,VA,Bath,0.0,0.0
2016,VA,Bedford,0.0,0.0
2016,VA,Bland,0.0,0.0
2016,VA,Botetourt,0.0,0.0
2016,VA,Brunswick,0.0,0.0
2016,VA,Buchanan,0.0,0.0
2016,VA,Buckingham,0.0,0.0
2016,VA,Campbell,0.0,0.0
2016,VA,Caroline,0.0,0.0
2016,VA,Carroll,0.0,0.0
2016,VA,Charles City,0.0,0.0
2016,VA,Charlotte,0.0,0.0
2016,VA,Chesterfield,0.0,0.0
2016,VA,Clarke,0.0,0.0
2016,VA,Craig,0.0,0.0
2016,VA,Culpeper,0.0,0.0
2016,VA,Cumberland,0.0,0.0
2016,VA,Dickenson,0.0,0.0
2016,VA,Dinwiddie,0.0,0.0
2016,VA,Essex,0.0,0.0
2016,VA,Fairfax,0.0,0.0
2016,VA,Fauquier,0.0,0.0
2016,VA,Floyd,0.0,0.0
2016,VA,Fluvanna,0.0,0.0
2016,VA,Franklin,0.0,0.0
2016,VA,Frederick,0.0,0.0
2016,VA,Giles,0.0,0.0
2016,VA,Gloucester,0.0,0.0
2016,VA,Goochland,0.0,0.0
2016,VA,Grayson,0.0,0.0
2016,VA,Greene,0.0,0.0
2016,VA,Greensville,0.0,0.0
2016,VA,Halifax,0.0,0.0
2016,VA,Hanover,0.0,0.0
2016,VA,Henrico,0.0,0.0
2016,VA,Henry,0.0,0.0
2016,VA,Highland,0.0,0.0
2016,VA,Isle of Wight,0.0,0.0
2016,VA,James City,0.0,0.0
2016,VA,King and Queen,0.0,0.0
2016,VA,King George,0.0,0.0
2016,VA,King William,0.0,0.0
2016,VA,Lancaster,0.0,0.0
2016,VA,Lee,0.0,0.0
2016,VA,Loudoun,0.0,0.0
2016,VA,Louisa,0.0,0.0
2016,VA,Lunenburg,0.0,0.0
2016,VA,Madison,0.0,0.0
2016,VA,Mathews,0.0,0.0
2016,VA,Mecklenburg,0.0,0.0
2016,VA,Middlesex,0.0,0.0
2016,VA,Montgomery,0.0,0.0
2016,VA,Nelson,0.0,0.0
2016,VA,New Kent,0.0,0.0
2016,VA,Northampton,0.0,0.0
2016,VA,Northumberland,0.0,0.0
2016,VA,Nottoway,0.0,0.0
2016,VA,Orange,0.0,0.0
2016,VA,Page,0.0,0.0
2016,VA,Patrick,0.0,0.0
2016,VA,Pittsylvania,0.0,0.0
2016,VA,Powhatan,0.0,0.0
2016,VA,Prince Edward,0.0,0.0
2016,VA,Prince George,0.0,0.0
2016,VA,Prince William,0.0,0.0
2016,VA,Pulaski,0.0,0.0
2016,VA,Rappahannock,0.0,0.0
2016,VA,Richmond,0.0,0.0
2016,VA,Roanoke,0.0,0.0
2016,VA,Rockbridge,0.0,0.0
2016,VA,Rockingham,0.0,0.0
2016,VA,Russell,0.0,0.0
2016,VA,Scott,0.0,0.0
2016,VA,Shenandoah,0.0,0.0
2016,VA,Smyth,0.0,0.0
2016,VA,Southampton,0.0,0.0
2016,VA,Spotsylvania,0.0,0.0
2016,VA,Stafford,0.0,0.0
2016,VA,Surry,0.0,0.0
2016,VA,Sussex,0.0,0.0
2016,VA,Tazewell,0.0,0.0
2016,VA,Warren,0.0,0.0
2016,VA,Washington,0.0,0.0
2016,VA,Westmoreland,0.0,0.0
2016,VA,Wise,0.0,0.0
2016,VA,Wythe,0.0,0.0
2016,VA,York,0.0,0.0
2016,VA,Alexandria,0.0,0.0
2016,VA,Bristol,0.0,0.0
2016,VA,Buena Vista,0.0,0.0
2016,VA,Charlottesville,0.0,0.0
2016,VA,Chesapeake,0.0,0.0
2016,VA,Colonial Heights,0.0,0.0
2016,VA,Covington,0.0,0.0
2016,VA,Danville,0.0,0.0
2016,VA,Emporia,0.0,0.0
2016,VA,Falls Church,0.0,0.0
2016,VA,Fredericksburg,0.0,0.0
2016,VA,Galax,0.0,0.0
2016,VA,Hampton,0.0,0.0
2016,VA,Harrisonburg,0.0,0.0
2016,VA,Hopewell,0.0,0.0
2016,VA,Lexington,0.0,0.0
2016,VA,Lynchburg,0.0,0.0
2016,VA,Manassas,0.0,0.0
2016,VA,Manassas Park,0.0,0.0
2016,VA,Martinsville,0.0,0.0
2016,VA,Newport News,0.0,0.0
2016,VA,Norfolk,0.0,0.0
2016,VA,Norton,0.0,0.0
2016,VA,Petersburg,0.0,0.0
2016,VA,Poquoson,0.0,0.0
2016,VA,Portsmouth,0.0,0.0
2016,VA,Radford,0.0,0.0
2016,VA,Salem,0.0,0.0
2016,VA,Staunton,0.0,0.0
2016,VA,Suffolk,0.0,0.0
2016,VA,Virginia Beach,0.0,0.0
2016,VA,Waynesboro,0.0,0.0
2016,VA,Williamsburg,0.0,0.0
2016,VA,Winchester,0.0,0.0
2016,WA,Adams,0.0,0.0
2016,WA,Asotin,0.0,0.0
2016,WA,Benton,0.0,0.0
2016,WA,Chelan,0.0,0.0
2016,WA,Clallam,0.0,0.0
2016,WA,Clark,0.0,0.0
2016,WA,Columbia,0.0,0.0
2016,WA,Cowlitz,0.0,0.0
2016,WA,Douglas,0.0,0.0
2016,WA,Ferry,0.0,0.0
2016,WA,Franklin,0.0,0.0
2016,WA,Garfield,0.0,0.0
2016,WA,Grant,0.0,0.0
2016,WA,Grays Harbor,0.0,0.0
2016,WA,Island,0.0,0.0
2016,WA,Jefferson,0.0,0.0
2016,WA,King,0.0,0.0
2016,WA,Kitsap,0.0,0.0
2016,WA,Kittitas,0.0,0.0
2016,WA,Klickitat,0.0,0.0
2016,WA,Lewis,0.0,0.0
2016,WA,Lincoln,0.0,0.0
2016,WA,Mason,0.0,0.0
2016,WA,Okanogan,0.0,0.0
2016,WA,Pacific,0.0,0.0
2016,WA,Pend Oreille,0.0,0.0
2016,WA,Pierce,0.0,0.0
2016,WA,San Juan,0.0,0.0
2016,WA,Skagit,0.0,0.0
2016,WA,Skamania,0.0,0.0
2016,WA,Snohomish,0.0,0.0
2016,WA,Spokane,0.0,0.0
2016,WA,Stevens,0.0,0.0
2016,WA,Thurston,0.0,0.0
2016,WA,Wahkiakum,0.0,0.0
2016,WA,Walla Walla,0.0,0.0
2016,WA,Whatcom,0.0,0.0
2016,WA,Whitman,0.0,0.0
2016,WA,Yakima,0.0,0.0
2016,WV,Barbour,0.0,0.0
2016,WV,Berkeley,0.0,0.0
2016,WV,Boone,0.0,0.0
2016,WV,Braxton,0.0,0.0
2016,WV,Brooke,0.0,0.0
2016,WV,Cabell,0.0,0.0
2016,WV,Calhoun,0.0,0.0
2016,WV,Clay,0.0,0.0
2016,WV,Doddridge,0.0,0.0
2016,WV,Fayette,0.0,0.0
2016,WV,Gilmer,0.0,0.0
2016,WV,Grant,0.0,0.0
2016,WV,Greenbrier,0.0,0.0
2016,WV,Hampshire,0.0,0.0
2016,WV,Hancock,0.0,0.0
2016,WV,Hardy,0.0,0.0
2016,WV,Harrison,0.0,0.0
2016,WV,Jackson,0.0,0.0
2016,WV,Jefferson,0.0,0.0
2016,WV,Kanawha,0.0,0.0
2016,WV,Lewis,0.0,0.0
2016,WV,Lincoln,0.0,0.0
2016,WV,Logan,0.0,0.0
2016,WV,McDowell,0.0,0.0
2016,WV,Marion,0.0,0.0
2016,WV,Marshall,0.0,0.0
2016,WV,Mason,0.0,0.0
2016,WV,Mercer,0.0,0.0
2016,WV,Mineral,0.0,0.0
2016,WV,Mingo,0.0,0.0
2016,WV,Monongalia,0.0,0.0
2016,WV,Monroe,0.0,0.0
2016,WV,Morgan,0.0,0.0
2016,WV,Nicholas,0.0,0.0
2016,WV,Ohio,0.0,0.0
2016,WV,Pendleton,0.0,0.0
2016,WV,Pleasants,0.0,0.0
2016,WV,Pocahontas,0.0,0.0
2016,WV,Preston,0.0,0.0
2016,WV,Putnam,0.0,0.0
2016,WV,Raleigh,0.0,0.0
2016,WV,Randolph,0.0,0.0
2016,WV,Ritchie,0.0,0.0
2016,WV,Roane,0.0,0.0
2016,WV,Summers,0.0,0.0
2016,WV,Taylor,0.0,0.0
2016,WV,Tucker,0.0,0.0
2016,WV,Tyler,0.0,0.0
2016,WV,Upshur,0.0,0.0
2016,WV,Wayne,0.0,0.0
2016,WV,Webster,0.0,0.0
2016,WV,Wetzel,0.0,0.0
2016,WV,Wirt,0.0,0.0
2016,WV,Wood,0.0,0.0
2016,WV,Wyoming,0.0,0.0
2016,WI,Adams,0.0,0.0
2016,WI,Ashland,0.0,0.0
2016,WI,Barron,0.0,0.0
2016,WI,Bayfield,0.0,0.0
2016,WI,Brown,0.0,0.0
2016,WI,Buffalo,0.0,0.0
2016,WI,Burnett,0.0,0.0
2016,WI,Calumet,0.0,0.0
2016,WI,Chippewa,0.0,0.0
2016,WI,Clark,0.0,0.0
2016,WI,Columbia,0.0,0.0
2016,WI,Crawford,0.0,0.0
2016,WI,Dane,0.0,0.0
2016,WI,Dodge,0.0,0.0
2016,WI,Door,0.0,0.0
2016,WI,Douglas,0.0,0.0
2016,WI,Dunn,0.0,0.0
2016,WI,Eau Claire,0.0,0.0
2016,WI,Florence,0.0,0.0
2016,WI,Fond du Lac,0.0,0.0
2016,WI,Forest,0.0,0.0
2016,WI,Grant,0.0,0.0
2016,WI,Green,0.0,0.0
2016,WI,Green Lake,0.0,0.0
2016,WI,Iowa,0.0,0.0
2016,WI,Iron,0.0,0.0
2016,WI,Jackson,0.0,0.0
2016,WI,Jefferson,0.0,0.0
2016,WI,Juneau,0.0,0.0
2016,WI,Kenosha,0.0,0.0
2016,WI,Kewaunee,0.0,0.0
2016,WI,La Crosse,0.0,0.0
2016,WI,Lafayette,0.0,0.0
2016,WI,Langlade,0.0,0.0
2016,WI,Lincoln,0.0,0.0
2016,WI,Manitowoc,0.0,0.0
2016,WI,Marathon,0.0,0.0
2016,WI,Marinette,0.0,0.0
2016,WI,Marquette,0.0,0.0
2016,WI,Menominee,0.0,0.0
2016,WI,Milwaukee,0.0,0.0
2016,WI,Monroe,0.0,0.0
2016,WI,Oconto,0.0,0.0
2016,WI,Oneida,0.0,0.0
2016,WI,Outagamie,0.0,0.0
2016,WI,Ozaukee,0.0,0.0
2016,WI,Pepin,0.0,0.0
2016,WI,Pierce,0.0,0.0
2016,WI,Polk,0.0,0.0
2016,WI,Portage,0.0,0.0
2016,WI,Price,0.0,0.0
2016,WI,Racine,0.0,0.0
2016,WI,Richland,0.0,0.0
2016,WI,Rock,0.0,0.0
2016,WI,Rusk,0.0,0.0
2016,WI,St. Croix,0.0,0.0
2016,WI,Sauk,0.0,0.0
2016,WI,Sawyer,0.0,0.0
2016,WI,Shawano,0.0,0.0
2016,WI,Sheboygan,0.0,0.0
2016,WI,Taylor,0.0,0.0
2016,WI,Trempealeau,0.0,0.0
2016,WI,Vernon,0.0,0.0
2016,WI,Vilas,0.0,0.0
2016,WI,Walworth,0.0,0.0
2016,WI,Washburn,0.0,0.0
2016,WI,Washington,0.0,0.0
2016,WI,Waukesha,0.0,0.0
2016,WI,Waupaca,0.0,0.0
2016,WI,Waushara,0.0,0.0
2016,WI,Winnebago,0.0,0.0
2016,WI,Wood,0.0,0.0
2016,WY,Albany,0.0,0.0
2016,WY,Big Horn,0.0,0.0
2016,WY,Campbell,0.0,0.0
2016,WY,Carbon,0.0,0.0
2016,WY,Converse,0.0,0.0
2016,WY,Crook,0.0,0.0
2016,WY,Fremont,0.0,0.0
2016,WY,Goshen,0.0,0.0
2016,WY,Hot Springs,0.0,0.0
2016,WY,Johnson,0.0,0.0
2016,WY,Laramie,0.0,0.0
2016,WY,Lincoln,0.0,0.0
2016,WY,Natrona,0.0,0.0
2016,WY,Niobrara,0.0,0.0
2016,WY,Park,0.0,0.0
2016,WY,Platte,0.0,0.0
2016,WY,Sheridan,0.0,0.0
2016,WY,Sublette,0.0,0.0
2016,WY,Sweetwater,0.0,0.0
2016,WY,Teton,0.0,0.0
2016,WY,Uinta,0.0,0.0
2016,WY,Washakie,0.0,0.0
2016,WY,Weston,0.0,0.0
